reconstruction_error,is_anomaly,true_label
2.657489,0,0
2.6964784,0,0
2.7115934,0,0
2.8231063,0,0
2.9682367,0,0
3.1031826,0,0
3.2016118,0,0
3.3221462,0,0
3.3436124,0,0
3.3846092,0,0
3.334843,0,0
3.3046196,0,0
3.2649126,0,0
3.2365832,0,1
3.1560886,0,1
3.1631422,0,1
3.15132,0,1
3.139311,0,1
3.0924704,0,1
3.0338118,0,1
3.0084827,0,1
2.9898112,0,1
2.9973938,0,1
3.0009067,0,1
3.0077224,0,1
2.984495,0,1
2.9510875,0,1
3.4539518,0,1
3.626067,0,1
3.6036515,0,1
3.5789607,0,1
3.5720334,0,1
2.984429,0,1
2.7576125,0,1
2.7197657,0,1
2.7015371,0,1
2.6914878,0,0
2.7130466,0,0
2.7133079,0,0
2.7328851,0,0
2.7606983,0,0
2.7773066,0,0
2.8017454,0,0
2.8786385,0,0
2.9337807,0,0
2.9927063,0,1
3.1287205,0,1
3.2783954,0,1
3.386753,0,1
3.5030675,0,1
3.58123,0,1
3.586822,0,1
3.5887852,0,1
3.5133402,0,1
3.39849,0,0
3.294632,0,0
3.1726959,0,0
3.0156975,0,0
2.9423132,0,0
2.9268727,0,0
2.9111779,0,1
2.9012184,0,1
2.8827717,0,1
2.868308,0,1
2.8436775,0,1
2.8366354,0,1
2.8211787,0,1
2.8371458,0,1
2.8008702,0,1
2.7366016,0,1
3.1615348,0,1
3.5235646,0,1
3.5443144,0,1
3.6177788,0,1
3.7152205,0,1
3.324483,0,1
3.0168183,0,1
3.0432494,0,1
3.0320284,0,1
3.043387,0,1
3.0604985,0,1
3.0615542,0,1
3.0559704,0,0
3.070112,0,0
3.068395,0,0
3.0543668,0,0
3.049674,0,0
3.0346656,0,0
3.0435874,0,0
3.1074555,0,0
3.16177,0,0
3.2058866,0,0
3.246692,0,0
3.2911358,0,0
3.3517497,0,0
3.4444504,0,0
3.4484942,0,0
3.4708548,0,0
3.4861841,0,0
3.4398966,0,0
3.3416705,0,0
3.333797,0,0
3.2935715,0,0
3.2438452,0,0
3.17731,0,0
3.1347227,0,0
3.1117172,0,0
3.0974088,0,0
3.0801983,0,0
3.0793042,0,0
3.7416246,0,1
4.255618,0,1
4.5244164,0,1
5.1298704,0,1
5.3494697,0,1
5.32113,0,1
5.315512,0,1
5.3135486,0,1
5.273157,0,1
5.224162,0,1
4.6637125,0,1
4.236093,0,1
4.0340757,0,1
3.4819982,0,1
3.3233547,0,0
3.268835,0,0
3.1867554,0,0
3.1346323,0,0
3.1434216,0,0
3.1343808,0,0
3.1152754,0,0
3.1018517,0,0
3.0863113,0,0
3.064978,0,0
3.0578325,0,0
3.0434089,0,0
3.0356526,0,0
3.6876934,0,0
3.8334658,0,0
3.8299015,0,0
3.8264039,0,0
3.8221736,0,0
3.1717892,0,0
3.0294642,0,0
3.0139065,0,0
3.0163188,0,0
3.0128512,0,0
2.99841,0,0
2.982089,0,0
3.0518868,0,1
3.261521,0,1
5.1423573,0,1
7.633261,1,1
10.0931635,1,1
12.512473,1,1
14.843477,1,1
15.8132515,1,1
13.469736,1,1
10.934374,1,1
8.413049,1,1
5.8467264,1,1
2.9895453,0,1
2.8281205,0,0
2.855551,0,0
2.8259509,0,0
2.7906303,0,0
2.7395775,0,0
2.6881034,0,0
2.6796093,0,0
2.6749032,0,0
2.6527877,0,0
2.6293886,0,0
2.6112413,0,0
2.575862,0,0
2.5571837,0,0
2.9709282,0,0
3.302619,0,0
3.311727,0,0
3.3065276,0,0
3.2907903,0,0
2.8458104,0,0
2.479766,0,0
2.4442136,0,0
2.4438756,0,0
2.4435656,0,0
2.445521,0,0
2.4569194,0,0
2.4592865,0,0
2.4500694,0,0
2.4467926,0,0
2.4422047,0,0
2.4515028,0,0
2.5401058,0,0
2.6558034,0,0
2.7705827,0,0
2.8962502,0,0
3.0122578,0,0
3.0589602,0,0
3.1146686,0,0
3.091842,0,0
3.06908,0,0
3.0466545,0,0
3.0329738,0,0
2.942966,0,0
2.904041,0,0
2.863194,0,0
2.818596,0,0
2.7555578,0,0
2.7148762,0,0
2.7074065,0,0
2.6786654,0,0
2.6445112,0,0
2.6221912,0,0
2.6099155,0,0
2.587664,0,0
2.5886278,0,0
3.181145,0,0
3.383004,0,0
3.3636599,0,0
3.354719,0,0
3.3429139,0,0
2.7426329,0,0
2.5177486,0,0
2.511153,0,0
2.5020876,0,0
2.4984653,0,0
2.4884853,0,0
2.4822626,0,0
2.4768224,0,0
2.4688437,0,0
2.482357,0,0
2.496275,0,0
2.5101333,0,0
2.5334742,0,0
2.5606337,0,0
2.9672525,0,0
3.3795152,0,0
3.45501,0,0
3.5019665,0,0
3.5564928,0,0
3.2237813,0,0
2.8981829,0,0
2.8799214,0,0
2.8727202,0,0
2.8825674,0,0
2.9037917,0,0
2.8986962,0,0
2.921261,0,0
2.9531078,0,0
2.9907568,0,0
3.0068872,0,0
3.0204005,0,0
2.9971435,0,0
2.980353,0,0
2.9437277,0,0
2.9242628,0,0
2.8837702,0,0
2.8800602,0,0
2.8672495,0,0
2.8271682,0,0
2.7542365,0,0
2.727413,0,0
2.702741,0,0
2.6677046,0,0
2.6477518,0,0
2.6322434,0,0
2.6150773,0,0
2.5988789,0,0
2.5907464,0,0
3.2207403,0,0
3.3661687,0,0
3.3478906,0,0
3.337497,0,0
3.3253415,0,0
2.6703627,0,0
2.4999533,0,0
2.4982028,0,0
2.491685,0,0
2.4944735,0,0
2.500184,0,0
2.50539,0,0
2.5076146,0,0
2.5030959,0,0
2.5051672,0,0
2.5104637,0,0
2.5110364,0,0
2.5125577,0,0
2.5257196,0,0
3.1183395,0,0
3.3899035,0,0
3.4449096,0,0
3.5138216,0,0
3.5802393,0,0
3.075202,0,0
2.8958135,0,0
2.9186547,0,0
2.9102447,0,0
2.9612281,0,0
2.991762,0,0
2.9990401,0,0
3.023288,0,0
3.0761547,0,0
3.0649931,0,0
3.097995,0,0
3.056589,0,0
3.0222714,0,0
2.991993,0,0
2.975363,0,0
2.9101884,0,0
2.9164574,0,0
2.9037795,0,0
2.869956,0,0
2.8189151,0,0
2.7872107,0,0
2.759477,0,0
2.7279255,0,0
2.708255,0,0
2.6845055,0,0
2.6526911,0,0
2.635235,0,0
2.6338592,0,0
3.2031848,0,0
3.4210665,0,0
3.4071288,0,0
3.378372,0,0
3.3535225,0,0
2.7520297,0,0
2.5081062,0,0
2.484804,0,0
2.4759917,0,0
2.4651942,0,0
2.4416838,0,0
2.4083378,0,0
2.3757613,0,0
2.3476417,0,0
2.314719,0,0
2.2892494,0,0
2.2829113,0,0
2.276816,0,0
2.2402008,0,0
2.6242418,0,0
3.0335908,0,0
3.0827804,0,0
3.1097217,0,0
3.1572907,0,0
2.8049417,0,0
2.4523783,0,0
2.4281008,0,0
2.4111104,0,0
2.4226332,0,0
2.4462943,0,0
2.4223957,0,0
2.3993282,0,0
2.4053845,0,0
2.4153721,0,0
2.4156287,0,0
2.4065306,0,0
2.3812144,0,0
2.3688354,0,0
2.3353617,0,0
2.299673,0,0
2.2560723,0,0
2.2374246,0,0
2.1905794,0,0
2.1273983,0,0
2.0447178,0,0
2.0090961,0,0
1.9858351,0,0
1.9564774,0,0
1.9327967,0,0
1.9083298,0,0
1.8872133,0,0
1.85771,0,0
1.8467507,0,0
2.4691908,0,0
2.617406,0,0
2.6008172,0,0
2.5923774,0,0
2.5721369,0,0
1.907711,0,0
1.7245586,0,0
1.7054105,0,0
1.6935815,0,0
1.6876863,0,0
1.6861634,0,0
1.6769048,0,0
1.6653802,0,0
1.6470937,0,0
1.6346327,0,0
1.6265261,0,0
1.6291636,0,0
1.6327976,0,0
1.6390638,0,0
2.2300558,0,0
2.4991064,0,0
2.5406275,0,0
2.5895746,0,0
2.6476996,0,0
2.1279287,0,0
1.9414376,0,0
1.9458731,0,0
1.9340261,0,0
1.9758658,0,0
1.9886644,0,0
1.9806334,0,0
2.0045345,0,0
2.0677001,0,0
2.0710478,0,0
2.1143367,0,0
2.0859647,0,0
2.0664644,0,0
2.0285642,0,0
2.010475,0,0
1.951402,0,0
1.9483509,0,0
1.9278575,0,0
1.8948914,0,0
1.8375076,0,0
1.7991071,0,0
1.787109,0,0
1.7653085,0,0
1.7485447,0,0
1.7322135,0,0
1.7122076,0,0
1.6874328,0,0
1.6827328,0,0
2.2560565,0,0
2.469875,0,0
2.456233,0,0
2.4355829,0,0
2.4208171,0,0
1.8255358,0,0
1.5807601,0,0
1.572794,0,0
1.5730096,0,0
1.5663217,0,0
1.5608637,0,0
1.563019,0,0
1.5558887,0,0
1.559769,0,0
1.5627916,0,0
1.5630289,0,0
1.5641721,0,0
1.5680432,0,0
1.5638492,0,0
1.6027544,0,0
1.7226841,0,0
1.8350693,0,0
1.9491191,0,0
2.071732,0,0
2.1628795,0,0
2.214741,0,0
2.2319126,0,0
2.211513,0,0
2.1882014,0,0
2.1632192,0,0
2.100127,0,0
2.0390997,0,0
2.0027199,0,0
1.9553322,0,0
1.8925126,0,0
1.8243309,0,0
1.7960113,0,0
1.7746291,0,0
1.7439648,0,0
1.7195437,0,0
1.6975492,0,0
1.6766793,0,0
1.6578239,0,0
1.6544623,0,0
2.2639587,0,0
2.4207284,0,0
2.4066346,0,0
2.3930223,0,0
2.3730576,0,0
1.7392467,0,0
1.5603354,0,0
1.5527995,0,0
1.5461408,0,0
1.5442302,0,0
1.5456576,0,0
1.545189,0,0
1.5440954,0,0
1.5448962,0,0
1.5489886,0,0
1.5473453,0,0
1.546364,0,0
1.5505021,0,0
1.550382,0,0
1.6245617,0,0
1.7385072,0,0
1.854865,0,0
1.9722586,0,0
2.0962288,0,0
2.1500773,0,0
2.2249908,0,0
2.2053068,0,0
2.1842299,0,0
2.1663284,0,0
2.152234,0,0
2.0705106,0,0
2.04281,0,0
1.994788,0,0
1.9405551,0,0
1.8696713,0,0
1.8049337,0,0
1.7819685,0,0
1.76823,0,0
1.7407237,0,0
1.7230407,0,0
1.7032306,0,0
1.683619,0,0
1.6673855,0,0
2.224291,0,0
2.4406185,0,0
2.425751,0,0
2.4054358,0,0
2.3856437,0,0
1.8042861,0,0
1.5558138,0,0
1.5450056,0,0
1.5413451,0,0
1.5408407,0,0
1.5432768,0,0
1.5498716,0,0
1.5505358,0,0
1.5519745,0,0
1.5549264,0,0
1.5546386,0,0
1.548855,0,0
1.5496219,0,0
1.5469106,0,0
1.5881076,0,0
1.7044414,0,0
1.8208617,0,0
1.9360602,0,0
2.0563169,0,0
2.1401558,0,0
2.1863346,0,0
2.2049937,0,0
2.1873407,0,0
2.170314,0,0
2.151202,0,0
2.103467,0,0
2.0381634,0,0
1.9983742,0,0
1.9427083,0,0
1.8803942,0,0
1.8031548,0,0
1.7853835,0,0
1.7627289,0,0
1.7429079,0,0
1.7226796,0,0
1.706446,0,0
1.6776533,0,0
1.6623896,0,0
1.6568397,0,0
2.2635405,0,0
2.4221597,0,0
2.412673,0,0
2.3956637,0,0
2.3719547,0,0
1.7349885,0,0
1.5493146,0,0
1.535784,0,0
1.5290774,0,0
1.5268526,0,0
1.5292125,0,0
1.535346,0,0
1.5429327,0,0
1.5479048,0,0
1.554362,0,0
1.5601388,0,0
1.5622717,0,0
1.5665133,0,0
1.5680983,0,0
1.6336776,0,0
1.7431066,0,0
1.8523211,0,0
1.9657854,0,0
2.0866733,0,0
2.1538146,0,0
2.2431507,0,0
2.2398245,0,0
2.220753,0,0
2.207287,0,0
2.184827,0,0
2.088032,0,0
2.0409167,0,0
1.9961327,0,0
1.9387128,0,0
1.8733915,0,0
1.8044623,0,0
1.7839735,0,0
1.7646488,0,0
1.7394685,0,0
1.7184914,0,0
1.7030679,0,0
1.6765525,0,0
1.6588465,0,0
1.6521817,0,0
2.3125348,0,0
2.410534,0,0
2.404777,0,0
2.3902137,0,0
2.3732827,0,0
1.6874249,0,0
1.5701443,0,0
1.5626675,0,0
1.5563967,0,0
1.5567958,0,0
1.5599666,0,0
1.5573188,0,0
1.556666,0,0
1.5577476,0,0
1.5553062,0,0
1.5561297,0,0
1.557758,0,0
1.5624102,0,0
1.5804799,0,0
1.6896297,0,0
1.7941933,0,0
1.9067042,0,0
2.0227463,0,0
2.1339753,0,0
2.1630409,0,0
2.2301133,0,0
2.2155132,0,0
2.1945858,0,0
2.1735926,0,0
2.148425,0,0
2.0524716,0,0
2.0143409,0,0
1.9671608,0,0
1.9097396,0,0
1.8436611,0,0
1.8096335,0,0
1.7910153,0,0
1.7647483,0,0
1.7403862,0,0
1.7154645,0,0
1.6939878,0,0
1.6769657,0,0
1.6807512,0,0
2.3112829,0,0
2.476224,0,0
2.4677212,0,0
2.4482696,0,0
2.41689,0,0
1.7622354,0,0
1.575412,0,0
1.5581838,0,0
1.5535705,0,0
1.5528816,0,0
1.5516768,0,0
1.553642,0,0
1.55704,0,0
1.5625459,0,0
1.5697234,0,0
1.5683876,0,0
1.5729082,0,0
1.5704356,0,0
1.5741099,0,0
1.6499867,0,0
1.7739804,0,0
1.8885393,0,0
2.0072691,0,0
2.1233368,0,0
2.172083,0,0
2.2454388,0,0
2.2269344,0,0
2.2134244,0,0
2.194527,0,0
2.1854353,0,0
2.0948026,0,0
2.060084,0,0
2.0113633,0,0
1.9547374,0,0
1.8817703,0,0
1.8213832,0,0
1.7995476,0,0
1.7813618,0,0
1.761241,0,0
1.7404096,0,0
1.719329,0,0
1.698908,0,0
1.6864506,0,0
1.6817492,0,0
2.3460262,0,0
2.442457,0,0
2.4240625,0,0
2.39577,0,0
2.3668418,0,0
1.6760378,0,0
1.5544043,0,0
1.5442104,0,0
1.545818,0,0
1.5469302,0,0
1.5370396,0,0
1.5378067,0,0
1.5414484,0,0
1.5422916,0,0
1.5410328,0,0
1.5452834,0,0
1.54026,0,0
1.5365378,0,0
1.5623461,0,0
1.6813947,0,0
1.8009219,0,0
1.9199806,0,0
2.0412614,0,0
2.1392508,0,0
2.175282,0,0
2.2031646,0,0
2.1814172,0,0
2.159583,0,0
2.140541,0,0
2.0991464,0,0
2.020317,0,0
1.98963,0,0
1.9421028,0,0
1.8754687,0,0
1.7985837,0,0
1.7732669,0,0
1.7475325,0,0
1.7197355,0,0
1.696345,0,0
1.6757749,0,0
1.6546001,0,0
1.6374105,0,0
1.6297262,0,0
2.2318823,0,0
2.386185,0,0
2.3705323,0,0
2.3462045,0,1
2.3250499,0,1
1.6969875,0,1
1.5167799,0,1
1.5035099,0,1
1.5004132,0,1
1.4988161,0,1
1.4970186,0,1
1.5022844,0,1
1.5039382,0,1
1.506358,0,1
1.5092082,0,1
1.5140935,0,0
1.5101342,0,0
1.5130743,0,0
1.5943854,0,0
1.7036449,0,0
1.8101478,0,0
1.9250032,0,0
2.0433075,0,0
2.086069,0,0
2.1605499,0,0
2.141374,0,0
2.1213806,0,0
2.1011155,0,0
2.0839963,0,0
1.9896331,0,0
1.9598953,0,0
1.9208562,0,0
1.8652436,0,0
1.8023912,0,0
1.7527475,0,0
1.7428252,0,0
1.7312295,0,0
1.7276051,0,0
1.7229651,0,0
1.7201172,0,0
1.7151179,0,0
1.7267239,0,0
1.8118765,0,0
2.4988525,0,0
2.577233,0,0
2.5973353,0,0
2.603018,0,0
2.53546,0,0
1.872855,0,0
1.8257712,0,0
1.8348966,0,0
1.8589445,0,0
1.8825091,0,0
1.9060684,0,0
1.9302298,0,0
1.9562922,0,0
1.9784914,0,0
1.9950888,0,0
2.017805,0,0
2.0360777,0,0
2.100985,0,0
2.2297442,0,0
2.3587124,0,0
2.4764822,0,0
2.5984528,0,0
2.6721156,0,0
2.7245033,0,0
2.7426815,0,0
2.7422159,0,0
2.7251134,0,0
2.726052,0,0
2.6915903,0,0
2.643059,0,0
2.6096768,0,0
2.57314,0,0
2.5131078,0,0
2.435481,0,0
2.4120338,0,0
2.3996322,0,0
2.3822825,0,0
2.373969,0,0
2.3735929,0,0
2.3533359,0,0
2.3316705,0,0
2.3870978,0,0
3.056116,0,0
3.0910313,0,0
3.0925438,0,0
3.0841804,0,0
3.0177429,0,0
2.3266244,0,0
2.2796483,0,0
2.2753146,0,0
2.2749581,0,0
2.280034,0,0
2.2906072,0,0
2.2857888,0,0
2.2812161,0,0
2.2761772,0,0
2.2807004,0,0
2.2888544,0,0
2.2954426,0,0
2.3259685,0,0
2.45791,0,0
2.5645845,0,0
2.6728878,0,0
2.776908,0,0
2.881484,0,0
2.8938408,0,0
2.969618,0,0
2.951618,0,0
2.9482934,0,0
2.9339583,0,0
2.9291449,0,0
2.8259451,0,0
2.8069873,0,0
2.7625937,0,0
2.7011712,0,0
2.6299891,0,0
2.5982304,0,0
2.577784,0,0
2.5605576,0,0
2.5474696,0,0
2.522226,0,0
2.511025,0,0
2.4871817,0,0
2.472272,0,0
3.0398967,0,0
3.2825627,0,0
3.2584558,0,0
3.2318783,0,0
3.2225826,0,0
2.6275167,0,0
2.3574522,0,0
2.3323507,0,0
2.3297062,0,0
2.325037,0,0
2.318348,0,0
2.3216302,0,0
2.3233383,0,0
2.311584,0,0
2.3071687,0,0
2.324298,0,0
2.3278806,0,0
2.3518877,0,0
2.4244573,0,0
2.5581393,0,0
2.6649923,0,0
2.7869565,0,0
2.8857372,0,0
2.956341,0,0
2.968051,0,0
2.970954,0,0
2.9288614,0,0
2.901955,0,0
2.8633451,0,0
2.8118854,0,0
2.7437332,0,0
2.696665,0,0
2.6535761,0,0
2.5937681,0,0
2.530304,0,0
2.5107815,0,0
2.4907384,0,0
2.4654484,0,0
2.4489741,0,0
2.4228578,0,0
2.3937929,0,0
2.382981,0,0
2.3698587,0,0
3.0364933,0,0
3.1494231,0,1
3.137774,0,1
3.1241317,0,1
3.1005335,0,1
2.4083784,0,1
2.2749543,0,1
2.2885983,0,1
2.303471,0,1
2.3317955,0,0
2.3462062,0,0
2.3539295,0,0
2.3597622,0,0
2.3593845,0,0
2.3666253,0,0
2.3635287,0,0
2.3751194,0,1
2.379869,0,1
2.4222915,0,1
2.5495262,0,1
2.6816483,0,1
2.799921,0,1
2.9210565,0,1
3.0082426,0,1
3.011326,0,1
3.0597622,0,0
3.0183516,0,0
2.9851398,0,0
2.9602447,0,0
2.9270205,0,1
2.8442633,0,1
2.8742523,0,1
2.8305879,0,1
2.7778041,0,1
2.7204676,0,1
2.6708705,0,1
2.6003351,0,1
2.5862443,0,0
2.5612066,0,0
2.5359504,0,0
2.5136187,0,0
2.4895906,0,0
2.467209,0,0
3.081246,0,0
3.252995,0,0
3.2468555,0,0
3.2306042,0,0
3.2028685,0,0
2.535856,0,0
2.3177524,0,0
2.280295,0,0
2.2563941,0,0
2.2451696,0,0
2.2423165,0,0
2.2553594,0,0
2.2579627,0,0
2.2629838,0,0
2.2608707,0,0
2.2600539,0,0
2.300942,0,0
2.3484194,0,0
2.4328218,0,0
2.5780385,0,0
2.7227175,0,0
2.807605,0,0
2.9121196,0,0
2.9804623,0,0
3.0031118,0,0
3.0114086,0,0
2.9785366,0,0
2.8913727,0,0
2.7887228,0,0
2.6534815,0,0
2.531537,0,0
2.451748,0,0
2.407502,0,0
2.3823693,0,0
2.358465,0,0
2.3415823,0,0
2.3194776,0,0
2.2856836,0,0
2.2562644,0,0
2.246246,0,0
2.2313855,0,0
2.2146277,0,0
2.2184792,0,0
2.7722695,0,0
3.0049796,0,0
3.0042543,0,0
2.994408,0,0
2.977567,0,0
2.410355,0,0
2.1565151,0,0
2.1432192,0,0
2.1437442,0,0
2.1415215,0,0
2.1326344,0,0
2.1294086,0,0
2.1255372,0,0
2.1287994,0,0
2.1369321,0,0
2.148248,0,0
2.1548069,0,0
2.1597035,0,0
2.278834,0,0
2.3840237,0,0
2.492464,0,0
2.6106613,0,0
2.7402248,0,0
2.775604,0,0
2.8616366,0,0
2.8587914,0,0
2.842739,0,0
2.8209233,0,0
2.781274,0,0
2.6655002,0,0
2.6195912,0,0
2.5726743,0,0
2.5100138,0,0
2.442595,0,0
2.4025218,0,0
2.3954577,0,0
2.428102,0,0
2.4640098,0,0
2.451309,0,0
2.439863,0,1
2.4224484,0,1
2.3783998,0,1
2.5190942,0,1
2.9164622,0,1
3.3178174,0,1
3.7379997,0,1
4.188829,0,1
4.7352796,0,1
4.466875,0,1
4.1361213,0,1
3.7768586,0,1
3.3990824,0,1
2.7695768,0,0
2.6996558,0,0
2.672534,0,0
2.6354,0,0
2.5786135,0,0
2.5038226,0,0
2.4686315,0,0
2.4515312,0,0
2.4354453,0,0
2.4085412,0,0
2.3814092,0,0
2.360665,0,0
2.3488162,0,0
2.3405073,0,0
2.8818,0,0
3.1037755,0,0
3.0901628,0,0
3.0635712,0,0
3.0304625,0,0
2.4629638,0,0
2.218829,0,0
2.2185738,0,0
2.2231076,0,0
2.2426353,0,0
2.2605548,0,0
2.2704916,0,0
2.2922769,0,0
2.3015053,0,0
2.309689,0,0
2.3089564,0,0
2.3299632,0,0
2.3198133,0,0
2.3277316,0,0
2.648782,0,0
3.181642,0,0
3.2702293,0,0
3.3504243,0,0
3.4216433,0,0
3.2094064,0,0
2.8034093,0,0
2.7741895,0,0
2.7654104,0,0
2.7623405,0,0
2.7274206,0,0
2.6848855,0,0
2.6821442,0,0
2.6645615,0,0
2.6629717,0,0
2.7132175,0,0
2.7366037,0,0
2.7638054,0,0
2.8242145,0,0
2.8885858,0,0
2.9083908,0,0
2.9678,0,0
2.9648645,0,0
2.9517245,0,0
2.9318051,0,0
2.9296362,0,0
2.8775601,0,0
2.879103,0,0
2.8613172,0,0
2.8278425,0,0
2.7709622,0,0
2.7319927,0,0
2.70232,0,0
2.6667094,0,0
2.640066,0,0
2.6168375,0,0
2.6072345,0,0
2.5998871,0,0
2.6052496,0,0
2.912914,0,0
3.3456552,0,0
3.369116,0,0
3.3589644,0,0
3.3314881,0,0
3.00389,0,0
2.5412385,0,0
2.4968226,0,0
2.4879334,0,0
2.49334,0,0
2.4896832,0,0
2.498181,0,0
2.4926345,0,0
2.4964716,0,0
2.5054579,0,0
2.518734,0,0
2.5265424,0,0
2.544361,0,0
2.5535254,0,0
2.6280837,0,0
2.7451642,0,0
2.8658068,0,0
2.977186,0,0
3.0983675,0,0
3.150469,0,0
3.2256825,0,0
3.1978076,0,0
3.1788614,0,0
3.1641667,0,0
3.14744,0,0
3.0599532,0,0
3.0235739,0,0
2.989769,0,0
2.9271774,0,0
2.8779814,0,0
2.8227298,0,0
2.8071408,0,0
2.7775156,0,0
2.7574017,0,0
2.725075,0,0
2.702116,0,0
2.6926672,0,0
2.698891,0,0
2.7366977,0,1
3.4129987,0,1
3.4742627,0,1
4.380726,0,1
5.5909977,1,1
6.777973,1,1
7.3170786,1,1
7.4178834,1,1
6.4801593,1,1
5.242997,0,1
4.00285,0,1
2.7730582,0,1
2.600698,0,1
2.6130986,0,1
2.614768,0,1
2.612783,0,1
2.6156917,0,1
2.6153183,0,1
2.6041865,0,1
2.5882623,0,1
3.2773962,0,1
3.4466176,0,1
3.4775405,0,1
3.5292654,0,1
3.5992954,0,0
2.9883957,0,0
2.8672566,0,0
2.87643,0,0
2.907186,0,0
2.9278543,0,0
2.929177,0,0
2.954428,0,0
2.9897974,0,0
3.011279,0,0
3.0483854,0,0
3.0392823,0,0
3.0032387,0,0
2.9757667,0,0
2.941529,0,0
2.9187438,0,0
2.8983006,0,0
2.881965,0,0
2.8436155,0,0
2.7816064,0,0
2.6854339,0,0
2.6246364,0,0
2.5849214,0,0
2.5232387,0,0
2.4752505,0,0
2.4320076,0,0
2.384183,0,0
2.3450956,0,0
2.3316092,0,0
2.9979208,0,0
3.0995355,0,0
3.0890043,0,0
3.062938,0,0
3.036847,0,0
2.3315783,0,0
2.1891487,0,0
2.1606035,0,0
2.144841,0,0
2.1226096,0,0
2.1061256,0,0
2.0794125,0,0
2.0558949,0,0
2.0264347,0,0
2.0098455,0,0
1.9820201,0,0
1.9682877,0,0
1.9633892,0,0
1.954834,0,0
2.0309634,0,0
2.1394973,0,0
2.2399533,0,0
2.340706,0,0
2.4565725,0,0
2.4930313,0,0
2.5672224,0,0
2.545753,0,0
2.5173116,0,0
2.493061,0,0
2.4721954,0,0
2.365858,0,0
2.323813,0,0
2.2760823,0,0
2.2085445,0,0
2.1285088,0,0
2.058739,0,0
2.0302293,0,0
1.9942058,0,0
1.9674033,0,0
1.940629,0,0
1.9117064,0,0
1.8836292,0,0
1.870376,0,0
1.8986573,0,0
2.5931442,0,0
2.651452,0,0
2.6426945,0,0
2.6344771,0,0
2.576473,0,0
1.8539916,0,0
1.7745186,0,0
1.7626306,0,0
1.7548238,0,0
1.7580216,0,0
1.7519444,0,0
1.7523012,0,0
1.7565956,0,0
1.7521396,0,0
1.748917,0,0
1.753887,0,0
1.7526796,0,0
1.7495741,0,0
1.7609485,0,0
1.8720925,0,0
1.9917622,0,0
2.106054,0,0
2.2230623,0,0
2.3346002,0,0
2.3602998,0,0
2.4211347,0,0
2.4002163,0,0
2.3799913,0,0
2.3638656,0,0
2.3353481,0,0
2.2464457,0,0
2.2094123,0,0
2.1655893,0,0
2.1063247,0,0
2.0277026,0,0
1.9680697,0,0
1.9455903,0,0
1.9006475,0,0
1.8619514,0,0
1.8363051,0,0
1.8105425,0,0
1.7777964,0,0
1.7698431,0,0
2.0278006,0,0
2.5019495,0,0
2.5216482,0,0
2.5169125,0,0
2.5038586,0,0
2.2229319,0,0
1.7283975,0,0
1.693987,0,0
1.683303,0,0
1.6776134,0,0
1.6732165,0,0
1.6697223,0,0
1.6579183,0,0
1.6501466,0,0
1.6447208,0,0
1.6390625,0,0
1.6310464,0,0
1.6316546,0,0
1.6323391,0,0
1.6728427,0,0
1.7963221,0,0
1.9168503,0,0
2.0362883,0,0
2.1594229,0,0
2.2494783,0,0
2.2821832,0,0
2.3323243,0,0
2.3107543,0,0
2.2898862,0,0
2.26683,0,0
2.2545195,0,0
4.37196,0,1
6.522735,1,1
8.624606,1,1
10.7227,1,1
12.08036,1,1
9.7468195,1,1
7.5102367,1,1
5.3465443,0,1
3.185551,0,1
1.7253879,0,0
1.8095669,0,0
1.8329822,0,0
1.8191099,0,0
2.365701,0,0
2.5742834,0,0
2.5469327,0,0
2.5243597,0,0
2.4984024,0,0
1.9085923,0,0
1.6591305,0,0
1.6503925,0,0
1.640067,0,0
1.6392319,0,0
1.6426319,0,0
1.6415429,0,0
1.637914,0,0
1.6727449,0,0
1.7771088,0,0
1.8907561,0,0
2.0076153,0,0
2.1233916,0,0
2.20787,0,0
2.2497466,0,0
2.2616754,0,0
2.242847,0,0
2.226234,0,0
2.2100828,0,0
2.1705315,0,0
2.1021373,0,0
2.0579317,0,0
2.0053043,0,0
1.9390514,0,0
1.8650794,0,0
1.8383046,0,0
1.8186958,0,0
1.7863051,0,0
1.7569646,0,0
1.7312397,0,0
1.7075793,0,0
1.6814903,0,0
1.6734349,0,0
2.2629523,0,0
2.441612,0,0
2.4316154,0,0
2.422076,0,0
2.4083169,0,0
1.7964771,0,0
1.6015536,0,0
1.5931898,0,0
1.5867488,0,0
1.5868388,0,0
1.590291,0,0
1.5917674,0,0
1.5937073,0,0
1.5974258,0,0
1.6036719,0,0
1.6054192,0,0
1.611086,0,0
1.6187333,0,0
1.6727079,0,0
1.7886633,0,0
1.9076654,0,0
2.022653,0,0
2.1360455,0,0
2.2122724,0,0
2.2651887,0,0
2.2754385,0,0
2.2558548,0,0
2.2403843,0,0
2.2266126,0,0
2.17808,0,0
2.1230202,0,0
2.0848193,0,0
2.035111,0,0
1.9648893,0,0
1.8805702,0,0
1.845489,0,0
1.8168509,0,0
1.7820864,0,0
1.7548089,0,0
1.7289307,0,0
1.7061443,0,0
1.6870614,0,0
1.7165847,0,0
2.3975754,0,0
2.453539,0,0
2.4421048,0,0
2.4309213,0,0
2.3831265,0,0
1.6809344,0,0
1.6228783,0,1
1.650984,0,1
1.7237793,0,1
1.8022999,0,1
1.8895401,0,1
1.9691975,0,1
2.0437384,0,1
2.722417,0,1
2.9242487,0,1
2.971641,0,1
3.015472,0,1
3.0491545,0,1
2.4371924,0,0
2.2678828,0,0
2.2242935,0,0
2.1628742,0,0
2.0930994,0,0
2.0138648,0,0
1.9662266,0,0
1.9389441,0,0
1.9024293,0,0
1.8709359,0,0
1.8417022,0,0
1.8148139,0,0
1.7861865,0,0
1.7789552,0,0
2.3863719,0,0
2.5794997,0,0
2.5788043,0,0
2.5703025,0,0
2.5543752,0,0
1.9240935,0,0
1.7106472,0,0
1.6917878,0,0
1.6790237,0,0
1.6689858,0,0
1.657725,0,0
1.6477512,0,0
1.6364131,0,0
1.6282753,0,0
1.6203649,0,0
1.6126214,0,0
1.6051654,0,0
1.5961765,0,0
1.5858364,0,0
2.1398911,0,0
2.452069,0,0
2.5122337,0,0
2.5814495,0,0
2.6569993,0,0
2.1838996,0,0
1.9574969,0,0
1.9535035,0,0
1.9354726,0,0
1.9042239,0,0
1.8548138,0,0
1.7976612,0,0
1.7722304,0,0
1.7418233,0,0
1.7139354,0,0
1.6921607,0,0
1.6703665,0,0
1.6490705,0,0
1.6401993,0,0
1.8841827,0,0
2.3854802,0,0
2.4118032,0,0
2.4004416,0,0
2.384439,0,0
2.1179044,0,0
1.5951233,0,0
1.5513016,0,0
1.546189,0,0
1.5470494,0,0
1.548922,0,0
1.5508329,0,0
1.5562906,0,0
1.5649376,0,0
1.5726237,0,0
1.5817922,0,0
1.6233059,0,0
1.7409403,0,0
1.8524958,0,0
1.9650526,0,0
2.080495,0,0
2.1713822,0,0
2.209647,0,0
2.2434788,0,0
2.226564,0,0
2.2093847,0,0
2.1930337,0,0
2.1579335,0,0
2.0771985,0,0
2.0345314,0,0
1.980964,0,0
1.9137392,0,0
1.8308655,0,0
1.8023828,0,0
1.7825494,0,0
1.7519408,0,0
1.7268478,0,0
1.7036121,0,0
1.6809632,0,0
1.6592969,0,0
1.685116,0,0
2.3693366,0,0
2.4249306,0,0
2.4137416,0,0
2.4021974,0,0
2.3574212,0,0
1.652382,0,0
1.5769005,0,0
1.5699794,0,0
1.5640891,0,0
1.5604606,0,0
1.5581867,0,0
1.5556221,0,0
1.553193,0,0
1.5503849,0,0
1.5510571,0,0
1.5518355,0,0
1.5538503,0,0
1.5561962,0,0
1.6164579,0,0
1.7386837,0,0
1.8579262,0,0
1.9771993,0,0
2.1015677,0,0
2.1771924,0,0
2.2341254,0,0
2.2407036,0,0
2.2230368,0,0
2.2073646,0,0
2.192148,0,0
2.1368892,0,0
2.0913503,0,0
2.0598037,0,0
2.0150125,0,0
1.9557307,0,0
1.8834152,0,0
1.8559707,0,0
1.8217838,0,0
1.7817683,0,0
1.7438009,0,0
1.7071497,0,0
1.6737494,0,0
1.6527393,0,0
1.6417972,0,0
2.2966766,0,0
2.427687,0,0
2.420208,0,0
2.4186037,0,0
2.4118783,0,0
1.7392313,0,0
1.5974699,0,0
1.5918009,0,0
1.5805048,0,0
1.5749165,0,0
1.5694463,0,0
1.5644345,0,0
1.5594518,0,0
1.5555087,0,0
1.5505648,0,0
1.5485309,0,0
1.5466851,0,0
1.5444679,0,0
1.628888,0,0
1.7433753,0,0
1.8559788,0,0
1.9732808,0,0
2.0962894,0,0
2.1418324,0,0
2.2238824,0,0
2.2043643,0,0
2.1832402,0,0
2.1612167,0,0
2.1401513,0,0
2.0379748,0,0
2.0033038,0,0
1.9558111,0,0
1.899224,0,0
1.8288249,0,0
1.771091,0,0
1.7508644,0,0
1.7255758,0,0
1.7015567,0,0
1.6804664,0,0
1.6596832,0,0
1.639941,0,0
1.6375015,0,0
1.8667107,0,0
2.378632,0,0
2.4161603,0,0
2.4018228,0,0
2.3815556,0,0
2.128131,0,0
1.5952868,0,0
1.5395119,0,0
1.5328186,0,0
1.5318823,0,0
1.5330374,0,0
1.5357987,0,0
1.5393023,0,0
1.5407261,0,0
1.5422121,0,0
1.5464445,0,0
1.5486821,0,0
1.5531371,0,0
1.5587003,0,0
1.656245,0,0
1.7857839,0,0
1.914887,0,0
2.0485554,0,0
2.1936347,0,0
2.262199,0,0
2.3583403,0,0
2.3557496,0,0
2.353386,0,0
2.3526301,0,0
2.3374233,0,0
2.2624536,0,0
2.253866,0,0
2.2361612,0,0
2.1997662,0,0
2.160119,0,0
2.1177816,0,0
2.1113408,0,0
2.0992513,0,0
2.0874946,0,0
2.073244,0,0
2.0601466,0,0
2.0552971,0,0
2.0614188,0,0
2.080897,0,0
2.7836518,0,0
2.8887615,0,0
2.9089215,0,0
2.9163911,0,0
2.9197245,0,0
2.2389345,0,0
2.1514962,0,0
2.1325204,0,0
2.1356344,0,0
2.1339486,0,0
2.1402,0,0
2.148304,0,0
2.1665199,0,0
2.1760695,0,0
2.1826413,0,0
2.192103,0,0
2.204592,0,0
2.2367399,0,0
2.366041,0,0
2.4982524,0,0
2.6247883,0,0
2.7399611,0,0
2.8498547,0,0
2.8835297,0,0
2.9357376,0,0
2.9083664,0,0
2.9058466,0,0
2.8923628,0,0
2.8710854,0,0
2.79463,0,0
2.778661,0,0
2.738092,0,0
2.6804066,0,0
2.621299,0,0
2.588958,0,0
2.57002,0,0
2.5373824,0,0
2.510106,0,0
2.4630442,0,0
2.4171412,0,0
2.3794713,0,0
2.3631425,0,0
2.8461003,0,0
3.1004417,0,0
3.1007495,0,0
3.094841,0,0
3.0842988,0,0
2.580538,0,0
2.309963,0,0
2.3060672,0,0
2.2938488,0,0
2.2988238,0,0
2.2922473,0,0
2.2876613,0,0
2.285251,0,0
2.2977316,0,0
2.2921312,0,0
2.2969258,0,0
2.3100455,0,0
2.3308065,0,1
2.4086025,0,1
2.5319324,0,1
2.6462867,0,1
2.7711325,0,1
2.8763125,0,1
2.9351206,0,1
2.963214,0,1
3.0131307,0,1
3.0431972,0,1
3.0839415,0,1
3.1074378,0,1
3.1171808,0,1
3.1643775,0,1
3.1454694,0,1
3.1234283,0,1
3.1090534,0,1
3.1135478,0,1
3.0231519,0,0
2.9810772,0,0
2.9266639,0,0
2.86394,0,0
2.7876084,0,0
2.7450752,0,0
2.7239823,0,0
2.714084,0,0
2.696335,0,0
2.6924698,0,0
2.685042,0,0
2.6651611,0,0
2.6270525,0,0
3.1030753,0,0
3.3355062,0,0
3.3159819,0,0
3.2999835,0,0
3.2875211,0,0
2.7723212,0,0
2.4916325,0,0
2.4722383,0,0
2.4537344,0,0
2.4518647,0,0
2.4476562,0,0
2.4357195,0,0
2.415242,0,0
2.4047997,0,0
2.390568,0,0
2.3701828,0,0
2.3532941,0,0
2.3380654,0,0
2.335721,0,0
2.5854535,0,0
3.16558,0,0
3.2781308,0,0
3.3640134,0,0
3.4511251,0,0
3.3189135,0,0
2.8277466,0,0
2.7850928,0,0
2.7854626,0,0
2.7592907,0,0
2.6897988,0,0
2.651663,0,0
2.6525347,0,0
2.6318512,0,0
2.6308315,0,0
2.6357493,0,0
2.6505358,0,0
2.6594234,0,0
2.6636941,0,0
2.6834257,0,0
3.3856208,0,0
3.4434283,0,0
3.3984318,0,0
3.36321,0,0
3.327225,0,0
2.596289,0,0
2.4985802,0,0
2.4980044,0,0
2.5179899,0,0
2.5163813,0,0
2.529283,0,0
2.5470052,0,0
2.5550425,0,0
2.555069,0,0
2.560445,0,0
2.5632784,0,0
2.5695484,0,0
2.5910017,0,0
2.6726856,0,0
2.7917395,0,0
2.9144309,0,0
3.0410576,0,0
3.1505194,0,0
3.2020378,0,0
3.2740192,0,0
3.2598004,0,0
3.2408125,0,0
3.2228887,0,0
3.2136612,0,0
3.1128683,0,0
3.0721521,0,0
3.011286,0,0
2.9515893,0,0
2.8736541,0,0
2.8339357,0,0
2.8212318,0,0
2.815783,0,0
2.8118632,0,0
2.8077736,0,0
2.7935834,0,0
2.7828863,0,0
2.7775896,0,0
3.2918627,0,0
3.560584,0,0
3.5549486,0,0
3.5249372,0,0
3.4992359,0,0
2.9564242,0,0
2.6583068,0,0
2.6340132,0,0
2.6271489,0,0
2.628835,0,0
2.6249483,0,0
2.6422145,0,0
2.6526484,0,0
2.654465,0,0
2.6427658,0,0
2.630495,0,0
2.6096199,0,0
2.5980668,0,0
2.6013706,0,0
2.8231726,0,0
3.427058,0,0
3.5269768,0,0
3.5934021,0,0
3.6671193,0,0
3.5374665,0,0
3.0418115,0,0
3.0138142,0,0
3.0146368,0,0
3.045486,0,0
3.0461442,0,0
3.0299723,0,0
3.0374486,0,0
3.0961137,0,0
3.1323519,0,0
3.1908238,0,0
3.193309,0,0
3.2061434,0,0
3.1746297,0,0
3.1380634,0,0
3.0534337,0,0
3.010727,0,0
2.9724426,0,0
2.926061,0,0
2.8517804,0,0
2.8250136,0,0
2.8276515,0,0
2.82526,0,0
2.824756,0,0
2.841034,0,0
2.8515217,0,0
2.8325791,0,0
2.827497,0,0
3.4835918,0,0
3.6048367,0,0
3.587827,0,0
3.5961592,0,0
3.5815997,0,0
2.9034314,0,0
2.7578979,0,0
2.742806,0,0
2.731538,0,0
2.725309,0,0
2.7180357,0,0
2.7120757,0,0
2.7023432,0,0
2.6921196,0,0
2.6890938,0,0
2.688444,0,0
2.6910486,0,0
2.7027688,0,0
2.7080412,0,0
3.331564,0,0
3.5960922,0,0
3.660075,0,0
3.7323706,0,0
3.814152,0,0
3.2803845,0,0
3.1084092,0,0
3.103608,0,0
3.0907555,0,0
3.0659056,0,0
3.0966234,0,0
3.1017106,0,0
3.1358767,0,0
3.1578853,0,0
3.2167962,0,0
3.2192004,0,0
3.2821338,0,0
3.26196,0,0
3.2670949,0,0
3.241623,0,0
3.2566092,0,0
3.2039702,0,0
3.2110813,0,0
3.1921873,0,0
3.1721213,0,0
3.0923774,0,0
3.0503895,0,0
3.0286083,0,0
2.9971623,0,0
2.9536872,0,0
2.924575,0,0
2.8824177,0,0
2.8451846,0,0
2.8401124,0,0
3.3300896,0,0
3.5926454,0,0
3.591733,0,0
3.592807,0,0
3.5751178,0,0
3.0680587,0,0
2.7917717,0,0
2.7847264,0,0
2.7738647,0,0
2.7659266,0,0
2.7599823,0,0
2.7549984,0,0
2.7455747,0,0
2.739295,0,0
2.7366934,0,0
2.7492225,0,0
2.7494226,0,0
2.7570841,0,0
2.7649775,0,0
2.9603364,0,0
3.5785317,0,0
3.6792486,0,0
3.7402236,0,0
3.7931652,0,0
3.6872847,0,0
3.1702914,0,0
3.1486871,0,0
3.1566179,0,0
3.1696417,0,0
3.1765509,0,0
3.180485,0,0
3.218253,0,0
3.2431319,0,0
3.2751594,0,0
3.3168335,0,0
3.3501098,0,0
3.3488104,0,0
3.3294294,0,0
3.3157072,0,0
3.2739727,0,0
3.2527359,0,0
3.2135193,0,0
3.2079134,0,0
3.1748128,0,0
3.1394281,0,1
3.0602365,0,1
3.030162,0,1
2.9890976,0,1
2.959935,0,1
2.9331226,0,1
2.9109704,0,1
2.894518,0,1
2.8909132,0,1
2.9055042,0,1
3.6188862,0,1
3.7164078,0,1
3.729109,0,1
3.732851,0,1
3.7495263,0,1
3.0549135,0,1
2.9894857,0,1
3.0190146,0,1
3.0694034,0,1
3.0843835,0,0
3.090051,0,0
3.0803328,0,0
3.0615036,0,0
3.0375233,0,0
3.0014024,0,0
2.99972,0,0
3.0012677,0,0
3.0043163,0,0
2.9951198,0,0
3.6578002,0,0
3.7790072,0,0
3.7577236,0,0
3.7329028,0,0
3.7116382,0,0
3.0374432,0,0
2.89338,0,0
2.89854,0,0
2.8993993,0,0
2.9045067,0,0
2.9598866,0,0
3.0281756,0,0
3.140126,0,0
3.2626147,0,0
3.3988013,0,0
3.4765432,0,0
3.5753667,0,0
3.5390384,0,0
3.4879313,0,0
3.4156778,0,0
3.3687167,0,0
3.283126,0,0
3.231468,0,0
3.196159,0,0
3.1453834,0,0
3.082833,0,0
3.0249286,0,0
3.017863,0,0
3.00797,0,0
3.0099363,0,0
3.0015454,0,0
2.9937015,0,0
2.9855266,0,0
2.9750488,0,0
2.9717112,0,0
3.6566207,0,0
3.7151825,0,0
3.672084,0,0
3.6398919,0,0
3.598439,0,0
2.8788526,0,0
2.7806797,0,0
2.7831056,0,0
2.7673948,0,0
2.7644413,0,0
2.7474096,0,0
2.7253013,0,0
2.7113984,0,0
2.7202675,0,0
2.7244215,0,0
2.7402349,0,0
2.7368786,0,0
2.7276332,0,0
2.688531,0,0
3.3484056,0,0
3.5005193,0,0
3.5383785,0,0
3.5819285,0,0
3.6502771,0,0
3.0385697,0,0
2.904355,0,0
2.8959534,0,0
2.8727262,0,0
2.8896208,0,0
2.8858416,0,0
2.8967793,0,0
2.9220824,0,0
2.9521594,0,0
2.9474478,0,0
2.9894118,0,0
2.9401565,0,0
2.8958738,0,0
2.869248,0,0
2.841092,0,0
2.7722924,0,0
2.76989,0,0
2.7726226,0,0
2.7465334,0,0
2.6940835,0,0
2.6265612,0,0
2.6157424,0,0
2.557942,0,0
2.4977944,0,0
2.4413316,0,0
2.3966866,0,0
2.3296733,0,0
2.2988381,0,0
2.4623063,0,0
3.0283716,0,0
3.0530455,0,0
3.0363257,0,0
3.018018,0,0
2.8002627,0,0
2.1959252,0,0
2.128355,0,0
2.1058555,0,0
2.0870752,0,0
2.085821,0,0
2.0710883,0,0
2.0647898,0,0
2.053117,0,0
2.0397623,0,0
2.0232854,0,0
2.0186214,0,0
2.0110142,0,0
2.0070775,0,0
2.017948,0,0
2.7776153,0,0
2.9218302,0,0
2.9821155,0,0
3.0447314,0,0
3.1093013,0,0
2.4461184,0,0
2.362355,0,0
2.3522866,0,0
2.336446,0,0
2.3596978,0,0
2.3627367,0,0
2.3958623,0,0
2.4334857,0,0
2.482377,0,0
2.5070112,0,0
2.5568068,0,0
2.538871,0,0
2.5103765,0,0
2.4904306,0,0
2.4576619,0,0
2.4086308,0,0
2.396508,0,0
2.3849912,0,0
2.3484492,0,0
2.2924926,0,0
2.2178872,0,0
2.1838028,0,0
2.1639538,0,0
2.1359854,0,0
2.1096382,0,0
2.0945632,0,0
2.0804305,0,0
2.0670304,0,0
2.0665696,0,0
2.7225773,0,0
2.8658862,0,0
2.849848,0,0
2.829372,0,0
2.8125217,0,0
2.1446133,0,0
1.9851338,0,0
1.9824681,0,0
1.9891477,0,0
1.9900961,0,0
1.9898716,0,0
1.9857619,0,0
1.9828879,0,0
1.9707767,0,0
1.9651805,0,0
1.9584254,0,0
1.9610232,0,0
1.9606905,0,0
1.964608,0,0
2.0564365,0,0
2.1752172,0,0
2.2939763,0,0
2.4154634,0,0
2.5473967,0,0
2.6000853,0,0
2.680885,0,0
2.6595447,0,0
2.6401727,0,0
2.6164408,0,0
2.5896037,0,0
2.4874327,0,0
2.447986,0,0
2.3993537,0,0
2.34131,0,0
2.2752512,0,0
2.2305748,0,0
2.2184858,0,0
2.2070682,0,0
2.1883712,0,0
2.1681955,0,0
2.137367,0,0
2.1082373,0,0
2.082816,0,0
2.0749397,0,0
2.761727,0,0
2.8388608,0,0
2.823227,0,0
2.8131897,0,0
2.790234,0,0
2.0695095,0,0
1.9701202,0,0
1.9648138,0,0
1.9570067,0,0
1.957343,0,0
1.9567806,0,0
1.9548299,0,0
1.9518198,0,0
1.9478948,0,0
1.9404224,0,0
1.9387741,0,0
1.9357456,0,0
1.9352181,0,0
1.9333001,0,0
2.0413272,0,0
2.1624887,0,0
2.2872703,0,0
2.4143827,0,0
2.54616,0,0
2.5911431,0,0
2.6618307,0,0
2.6444623,0,0
2.6247923,0,0
2.6124027,0,0
2.5873652,0,0
2.5043197,0,0
2.4799495,0,0
2.4541028,0,0
2.4114997,0,0
2.3553932,0,0
2.3109612,0,0
2.2925732,0,0
2.2565606,0,0
2.2167826,0,0
2.1773183,0,0
2.1319811,0,0
2.0857189,0,0
2.0546227,0,0
2.187689,0,0
2.755667,0,0
2.7858627,0,0
2.7787209,0,0
2.7721634,0,0
2.6053739,0,0
2.011973,0,0
1.9672347,0,0
1.9590966,0,0
1.9533337,0,0
1.9497204,0,0
1.9428667,0,0
1.9350643,0,0
1.9283168,0,0
1.918178,0,0
1.9092084,0,0
1.9026309,0,0
1.8975005,0,0
1.896466,0,0
1.9143045,0,0
2.0388856,0,0
2.1601129,0,0
2.2833347,0,0
2.404852,0,0
2.5199907,0,0
2.5583632,0,0
2.595812,0,0
2.5772374,0,0
2.5624294,0,0
2.5459864,0,0
2.5112307,0,0
2.442829,0,0
2.4138749,0,0
2.375775,0,0
2.3255188,0,0
2.2554233,0,0
2.2236438,0,0
2.2053509,0,0
2.2012885,0,1
2.2180526,0,1
2.2378752,0,1
2.2557914,0,1
2.2717128,0,1
2.2605755,0,1
2.2013047,0,1
2.1435728,0,1
2.0893784,0,1
2.0353117,0,1
1.9970931,0,1
1.9885933,0,1
1.981808,0,1
1.9749101,0,1
1.9693347,0,1
1.9646423,0,1
1.9616773,0,1
2.01567,0,1
2.0729797,0,1
2.17757,0,1
2.2853594,0,1
2.3979971,0,1
2.4604583,0,1
2.5925972,0,1
2.7366042,0,1
2.9006798,0,1
3.0700352,0,1
3.2431555,0,1
3.3548203,0,1
3.4199913,0,1
3.4763749,0,1
3.5384655,0,1
3.6062744,0,1
3.6812363,0,1
3.7654445,0,1
3.8565981,0,1
3.9552672,0,1
4.0604925,0,1
4.1713033,0,1
6.421203,1,1
12.255408,1,1
18.361906,1,1
24.446909,1,1
30.509602,1,1
34.411377,1,1
34.715767,1,1
34.7309,1,1
34.74965,1,1
34.771984,1,1
34.79782,1,1
34.826073,1,1
34.854633,1,1
34.88492,1,1
34.913334,1,1
34.939453,1,1
34.965355,1,1
34.99184,1,1
35.016598,1,1
35.044437,1,1
35.07266,1,1
35.100975,1,1
35.128315,1,1
35.15721,1,1
35.18357,1,1
35.209213,1,1
35.233414,1,1
35.255135,1,1
35.275257,1,1
35.293804,1,1
35.31135,1,1
35.328075,1,1
35.345226,1,1
35.36092,1,1
35.378708,1,1
35.396317,1,1
35.41181,1,1
35.425667,1,1
35.44098,1,1
35.454918,1,1
35.468315,1,1
35.48203,1,1
35.49731,1,1
35.510418,1,1
35.52239,1,1
35.535316,1,1
35.548256,1,1
35.56142,1,1
35.573124,1,1
35.585133,1,1
35.596043,1,1
35.607685,1,1
35.61828,1,1
35.631588,1,1
35.643326,1,1
35.653603,1,1
35.66472,1,1
35.675888,1,1
35.684578,1,1
35.695557,1,1
35.706776,1,1
35.71602,1,1
35.726654,1,1
35.73684,1,1
35.74625,1,1
35.756824,1,1
35.767296,1,1
35.775806,1,1
35.786144,1,1
35.795433,1,1
35.803246,1,1
35.81244,1,1
35.82164,1,1
35.8294,1,1
35.838715,1,1
35.846947,1,1
35.853397,1,1
35.860626,1,1
35.868576,1,1
35.874397,1,1
35.881336,1,1
35.88867,1,1
35.893764,1,1
35.89914,1,1
35.905804,1,1
35.912758,1,1
35.91922,1,1
35.92689,1,1
35.933064,1,1
35.937786,1,1
35.942406,1,1
35.947323,1,1
35.952896,1,1
35.957634,1,1
35.962997,1,1
35.969246,1,1
35.975876,1,1
35.980843,1,1
35.98751,1,1
35.99386,1,1
36.00115,1,1
36.007366,1,1
36.0142,1,1
36.019676,1,1
36.026016,1,1
36.03027,1,1
36.03584,1,1
36.04117,1,1
36.04864,1,1
36.05547,1,1
36.062138,1,1
36.06725,1,1
36.07162,1,1
36.077103,1,1
36.082382,1,1
36.088028,1,1
36.095387,1,1
36.103455,1,1
36.107807,1,1
36.112347,1,1
36.116417,1,1
36.121365,1,1
36.124912,1,1
36.13037,1,1
36.13547,1,1
36.14191,1,1
36.145973,1,1
36.152878,1,1
36.158447,1,1
36.164577,1,1
36.168762,1,1
36.174816,1,1
36.179646,1,1
36.18582,1,1
36.189686,1,1
36.196365,1,1
36.201015,1,1
36.20532,1,1
36.210644,1,1
36.21686,1,1
36.22103,1,1
36.225784,1,1
36.23116,1,1
36.235256,1,1
36.238758,1,1
36.243626,1,1
36.247574,1,1
36.25271,1,1
36.2576,1,1
36.262928,1,1
36.267517,1,1
36.272556,1,1
36.277145,1,1
36.280632,1,1
36.286358,1,1
36.291298,1,1
36.296837,1,1
36.300396,1,1
36.30412,1,1
36.306335,1,1
36.310154,1,1
36.31323,1,1
36.318027,1,1
36.32312,1,1
36.32973,1,1
36.334213,1,1
36.34159,1,1
36.34626,1,1
36.350353,1,1
36.35354,1,1
36.35825,1,1
36.361084,1,1
36.364086,1,1
36.368713,1,1
36.372658,1,1
36.375767,1,1
36.37798,1,1
36.3819,1,1
36.38598,1,1
36.390312,1,1
36.39486,1,1
36.39965,1,1
36.403748,1,1
36.406948,1,1
36.409527,1,1
36.41265,1,1
36.41648,1,1
36.41978,1,1
36.423664,1,1
36.428307,1,1
36.432114,1,1
36.434433,1,1
36.437317,1,1
36.43949,1,1
36.441715,1,1
36.443726,1,1
36.445335,1,1
36.44687,1,1
36.44801,1,1
36.449627,1,1
36.451096,1,1
36.453056,1,1
36.455784,1,1
36.459232,1,1
36.463017,1,1
36.466373,1,1
36.469566,1,1
36.47248,1,1
36.47364,1,1
36.47655,1,1
36.481182,1,1
36.486073,1,1
36.489353,1,1
36.49426,1,1
36.495197,1,1
36.49624,1,1
36.49807,1,1
36.500175,1,1
36.501637,1,1
36.50564,1,1
36.507122,1,1
36.508434,1,1
36.511024,1,1
36.51406,1,1
36.516384,1,1
36.52006,1,1
36.523594,1,1
36.52869,1,1
36.53292,1,1
36.535828,1,1
36.538136,1,1
36.54033,1,1
36.54155,1,1
36.5439,1,1
36.544674,1,1
36.54806,1,1
36.551346,1,1
36.553524,1,1
36.55523,1,1
36.559002,1,1
36.560955,1,1
36.563145,1,1
36.565907,1,1
36.568928,1,1
36.57163,1,1
36.575115,1,1
36.57867,1,1
36.582756,1,1
36.585915,1,1
36.58811,1,1
36.590046,1,1
36.591644,1,1
36.592075,1,1
36.593216,1,1
36.595997,1,1
36.59823,1,1
36.598663,1,1
36.600624,1,1
36.6023,1,1
36.60318,1,1
36.603966,1,1
36.60728,1,1
36.61087,1,1
36.6136,1,1
36.616753,1,1
36.620365,1,1
36.622555,1,1
36.62471,1,1
36.627144,1,1
36.629166,1,1
36.6309,1,1
36.632706,1,1
36.6346,1,1
36.63758,1,1
36.639774,1,1
36.64094,1,1
36.64328,1,1
36.643982,1,1
36.64413,1,1
36.64505,1,1
36.647324,1,1
36.650288,1,1
36.651974,1,1
36.655655,1,1
36.660057,1,1
36.66388,1,1
36.666668,1,1
36.669888,1,1
36.67049,1,1
36.670948,1,1
36.671307,1,1
36.671947,1,1
36.673866,1,1
36.674416,1,1
36.676807,1,1
36.67793,1,1
36.679348,1,1
36.680466,1,1
36.68451,1,1
36.68541,1,1
36.688324,1,1
36.69051,1,1
36.6923,1,1
36.694942,1,1
36.697964,1,1
36.700233,1,1
36.702152,1,1
36.70509,1,1
36.706497,1,1
36.709522,1,1
36.711502,1,1
36.714054,1,1
36.716434,1,1
36.718674,1,1
36.7207,1,1
36.722675,1,1
36.726006,1,1
36.728394,1,1
36.729942,1,1
36.73111,1,1
36.569054,1,1
31.38935,1,1
25.044191,1,1
18.734274,1,1
12.424977,1,1
6.2543044,1,0
5.057605,0,0
4.999893,0,0
4.8797274,0,0
4.7324696,0,0
4.5877314,0,0
4.458733,0,0
4.323172,0,0
4.191225,0,0
4.072195,0,0
3.9633992,0,0
3.8694484,0,0
3.7994144,0,0
4.3230247,0,0
4.510998,0,0
4.4821467,0,0
4.4784827,0,0
4.4519143,0,0
3.839152,0,0
3.559427,0,0
3.4968543,0,0
3.4091673,0,0
3.3390648,0,0
3.269719,0,0
3.2100816,0,0
3.158323,0,0
3.1047132,0,0
3.0612986,0,0
3.0276384,0,0
2.9924898,0,0
2.9593363,0,0
2.9349382,0,0
3.352408,0,0
3.7654376,0,0
3.843714,0,0
3.8933175,0,0
3.9423614,0,0
3.5689752,0,0
3.1971629,0,0
3.146322,0,0
3.1134398,0,0
3.0706444,0,0
2.997313,0,0
2.9242954,0,0
2.868185,0,0
2.807419,0,0
2.7604315,0,0
2.717855,0,0
2.682863,0,0
2.6495204,0,0
2.6358242,0,0
2.7269173,0,0
3.3672078,0,0
3.430126,0,0
3.4187021,0,0
3.4011512,0,0
3.273252,0,0
2.601421,0,0
2.504745,0,0
2.4808857,0,0
2.4601018,0,0
2.4343839,0,0
2.4107752,0,0
2.3922346,0,0
2.3720074,0,0
2.3521028,0,0
2.3345025,0,0
2.3210168,0,0
2.3083286,0,0
2.299663,0,0
2.31372,0,0
3.0573545,0,0
3.2239394,0,0
3.291547,0,0
3.358696,0,0
3.4127634,0,0
2.7539642,0,0
2.6339397,0,0
2.6069813,0,0
2.5795312,0,0
2.5373204,0,0
2.4764237,0,0
2.4521422,0,0
2.4248548,0,0
2.3828282,0,0
2.3413982,0,0
2.3032184,0,0
2.262351,0,0
2.2278159,0,0
2.2079744,0,0
2.823635,0,0
2.9707177,0,0
2.9567308,0,0
2.946079,0,0
2.9256902,0,0
2.2729845,0,0
2.0885165,0,0
2.0704792,0,0
2.0543323,0,0
2.0438776,0,0
2.0322733,0,0
2.0255835,0,0
2.0206666,0,0
2.0097716,0,0
2.003687,0,0
2.0009754,0,0
2.0003955,0,0
1.9980141,0,0
2.0001938,0,0
2.5951371,0,0
2.8812788,0,0
2.9413192,0,0
3.0032904,0,0
3.0664444,0,0
2.5525053,0,0
2.3424065,0,0
2.3317657,0,0
2.309899,0,0
2.2795432,0,0
2.232778,0,0
2.1835768,0,0
2.1607091,0,0
2.1264873,0,0
2.099046,0,0
2.0728505,0,0
2.0524788,0,0
2.0294805,0,0
2.0311356,0,0
2.4183278,0,0
2.7966578,0,0
2.818376,0,0
2.8083994,0,0
2.7923434,0,0
2.3849397,0,0
1.9905465,0,0
1.9550472,0,0
1.9436888,0,0
1.9353309,0,0
1.9274259,0,0
1.919689,0,0
1.9130077,0,0
1.9087231,0,0
1.9153653,0,0
1.9292817,0,0
1.9383314,0,0
1.9496347,0,0
1.9648137,0,0
2.0388355,0,0
2.1526296,0,0
2.265814,0,1
2.3796139,0,1
2.4917057,0,1
2.5448954,0,1
2.6192415,0,1
2.6044939,0,1
2.5772836,0,0
2.5558734,0,0
2.526015,0,0
2.404098,0,1
2.353748,0,1
2.3054786,0,1
2.2427726,0,1
2.1784556,0,1
2.1364024,0,1
2.1126707,0,1
2.0994177,0,1
2.086129,0,1
2.070707,0,1
2.0589118,0,1
2.0602195,0,1
2.1125083,0,1
2.2527978,0,1
2.9117684,0,1
2.9881785,0,1
2.9947956,0,1
2.9412804,0,0
2.8051522,0,0
2.1524758,0,0
2.0811822,0,0
2.0718694,0,0
2.0651636,0,0
2.0656714,0,0
2.0671303,0,0
2.0756855,0,0
2.0815492,0,0
2.0938869,0,0
2.098236,0,0
2.1278474,0,0
2.1892095,0,0
2.2490585,0,0
2.298877,0,0
3.0196092,0,0
3.146044,0,0
3.1239345,0,0
3.0646408,0,0
3.0033784,0,0
2.2778873,0,0
2.128065,0,0
2.093791,0,0
2.1129577,0,0
2.1819856,0,0
2.2348766,0,0
2.2808118,0,0
2.3390114,0,0
2.4236283,0,0
2.47189,0,0
2.5525596,0,0
2.5653493,0,0
2.5920818,0,0
2.5807586,0,0
2.5754657,0,0
2.5172203,0,0
2.5132518,0,0
2.4702182,0,0
2.415707,0,0
2.349267,0,0
2.3121426,0,0
2.2918572,0,0
2.2653415,0,0
2.236308,0,0
2.2005897,0,0
2.1672347,0,0
2.1305041,0,0
2.115582,0,0
2.7722833,0,0
2.8674717,0,0
2.8548098,0,0
2.8487508,0,0
2.8342881,0,0
2.1552474,0,0
2.0439749,0,0
2.0396373,0,0
2.0378363,0,0
2.0324333,0,0
2.029375,0,0
2.0274272,0,0
2.026302,0,0
2.0243912,0,0
2.028193,0,0
2.0281386,0,0
2.0293741,0,0
2.0293887,0,0
2.0342665,0,0
2.7009444,0,0
2.9352584,0,0
2.9990032,0,0
3.0692716,0,0
3.1350656,0,0
2.5643692,0,0
2.420134,0,0
2.4275148,0,0
2.4223268,0,0
2.478414,0,0
2.4889817,0,0
2.5039725,0,0
2.5388398,0,0
2.601978,0,0
2.61121,0,0
2.658074,0,0
2.6292975,0,0
2.599476,0,0
2.5566912,0,0
2.5292268,0,0
2.4560657,0,0
2.4432256,0,0
2.4191751,0,0
2.3802176,0,0
2.3132615,0,0
2.262208,0,0
2.2398403,0,0
2.2072184,0,0
2.1752691,0,0
2.145818,0,0
2.1225193,0,0
2.0990515,0,0
2.0934715,0,0
2.704734,0,0
2.8635552,0,0
2.8563278,0,0
2.842336,0,0
2.8290694,0,0
2.2018638,0,0
2.0307992,0,0
2.0298963,0,0
2.0400238,0,0
2.0538387,0,0
2.0706592,0,0
2.093549,0,0
2.110267,0,0
2.1215267,0,0
2.131268,0,0
2.1360838,0,0
2.1394887,0,0
2.1343887,0,0
2.128977,0,0
2.194208,0,0
2.3009496,0,0
2.4006824,0,0
2.5169706,0,0
2.6300387,0,0
2.6770577,0,0
2.7376568,0,0
2.735262,0,0
2.7053108,0,0
2.678718,0,0
2.6555548,0,0
2.5617025,0,0
2.5100052,0,0
2.468037,0,0
2.4198258,0,0
2.3587654,0,0
2.3037944,0,0
2.2800727,0,0
2.2597795,0,0
2.2299743,0,0
2.2025888,0,0
2.182708,0,0
2.1542532,0,0
2.1297848,0,0
2.1180131,0,0
2.7702065,0,0
2.8607438,0,0
2.8569674,0,0
2.8517776,0,0
2.8443615,0,0
2.1754472,0,0
2.069093,0,0
2.0615566,0,0
2.0559864,0,0
2.0558403,0,0
2.0562918,0,0
2.0600882,0,0
2.0600212,0,0
2.0729215,0,0
2.0845485,0,0
2.102114,0,0
2.1151667,0,0
2.1350884,0,0
2.2114086,0,0
2.3401837,0,0
2.4560764,0,0
2.577005,0,0
2.6963735,0,0
2.7533016,0,0
2.8150697,0,0
2.8044522,0,0
2.7709916,0,0
2.737354,0,0
2.7060132,0,0
2.6111796,0,0
2.5676997,0,0
2.5367987,0,0
2.4924936,0,0
2.4290128,0,0
2.3611534,0,0
2.3228076,0,0
2.2810218,0,0
2.236673,0,0
2.203532,0,0
2.1748905,0,0
2.1449275,0,0
2.122963,0,0
2.4517074,0,0
2.876712,0,0
2.8942287,0,0
2.8855503,0,0
2.8786695,0,0
2.5317643,0,0
2.088795,0,0
2.056392,0,0
2.0518467,0,0
2.050848,0,0
2.0533602,0,0
2.0666544,0,0
2.079209,0,0
2.091315,0,0
2.1029818,0,0
2.1170266,0,0
2.12394,0,0
2.126099,0,0
2.1285143,0,0
2.1517608,0,0
2.2641604,0,0
2.3739967,0,0
2.5471914,0,1
2.6651564,0,1
2.7458305,0,1
2.7487829,0,1
2.7321136,0,1
2.6444883,0,1
2.5678885,0,1
2.4939308,0,1
2.399335,0,1
2.320751,0,0
2.2536883,0,0
2.2308996,0,0
2.2128272,0,0
2.1853611,0,0
2.1628056,0,0
2.1863923,0,0
2.2189362,0,0
2.249655,0,0
2.2998943,0,0
2.3980005,0,0
2.4505568,0,0
2.527684,0,0
2.5467486,0,0
2.546148,0,0
2.516533,0,0
2.5098288,0,0
2.4666932,0,0
2.4446354,0,0
2.4265473,0,0
2.390991,0,0
2.328031,0,0
2.2718203,0,0
2.2590673,0,0
2.2474189,0,0
2.2236974,0,0
2.2010508,0,0
2.1705055,0,0
2.1389365,0,0
2.1134975,0,0
2.1561964,0,0
2.8139226,0,0
2.8518443,0,0
2.8383887,0,0
2.8309848,0,0
2.7587457,0,0
2.0760303,0,0
2.0193439,0,0
2.017798,0,0
2.0109367,0,0
2.009344,0,0
2.0082471,0,0
2.0064943,0,0
2.0055509,0,0
2.0042284,0,0
2.00265,0,0
2.0051293,0,0
2.0076137,0,0
2.011534,0,0
2.0940318,0,0
2.2253635,0,0
2.3523204,0,0
2.4811163,0,0
2.6091156,0,0
2.6639042,0,0
2.716827,0,0
2.711337,0,0
2.6837018,0,0
2.6592023,0,0
2.6372285,0,0
2.564235,0,0
2.5334234,0,0
2.5158696,0,0
2.4873188,0,0
2.446075,0,0
2.3998501,0,0
2.370899,0,0
2.3412876,0,0
2.3049662,0,0
2.2707796,0,0
2.2325354,0,0
2.1923785,0,0
2.1571105,0,0
2.1349096,0,0
2.7881024,0,0
2.8923042,0,0
2.879636,0,0
2.873061,0,0
2.8626258,0,0
2.1792428,0,0
2.0571108,0,0
2.0554187,0,0
2.049624,0,0
2.0455453,0,0
2.0385964,0,0
2.0324457,0,0
2.0255594,0,0
2.016556,0,0
2.0111873,0,0
2.0097039,0,0
2.0061915,0,0
2.0039492,0,0
2.0545504,0,0
2.1826918,0,0
2.3079817,0,0
2.4356103,0,0
2.5673306,0,0
2.6564429,0,0
2.7059412,0,0
2.7242033,0,0
2.7074633,0,0
2.6941223,0,0
2.6821961,0,0
2.6406162,0,0
2.5827298,0,0
2.5542572,0,0
2.512487,0,0
2.459542,0,0
2.3902845,0,0
2.3709264,0,0
2.3530254,0,0
2.3223705,0,0
2.2895403,0,0
2.2564797,0,0
2.2157967,0,0
2.1741467,0,0
2.149032,0,0
2.745916,0,0
2.901024,0,0
2.8828208,0,0
2.8780584,0,0
2.8679726,0,0
2.2376459,0,0
2.0548434,0,0
2.0542176,0,0
2.044905,0,0
2.0392513,0,0
2.0354378,0,0
2.0312486,0,0
2.0238745,0,0
2.01546,0,0
2.0101392,0,0
2.0035543,0,0
1.9981506,0,0
1.9973024,0,0
2.045181,0,0
2.1709154,0,0
2.298349,0,0
2.4264975,0,0
2.5588748,0,0
2.6511414,0,0
2.707143,0,0
2.7187657,0,0
2.7000735,0,0
2.6822016,0,0
2.6650977,0,0
2.6099973,0,0
2.5561244,0,0
2.5254319,0,0
2.4806583,0,0
2.4235218,0,0
2.356694,0,0
2.334085,0,0
2.3123832,0,0
2.2829533,0,0
2.2550082,0,0
2.218814,0,0
2.1792712,0,0
2.141343,0,0
2.1775694,0,0
2.8267024,0,0
2.878948,0,0
2.8694768,0,0
2.8631794,0,0
2.7950244,0,0
2.1155653,0,0
2.044308,0,0
2.0407805,0,0
2.0360203,0,0
2.030643,0,0
2.0256996,0,0
2.021019,0,0
2.015887,0,0
2.010213,0,0
2.0081632,0,0
2.004506,0,0
2.000609,0,0
1.9966134,0,0
2.0303953,0,0
2.1570342,0,0
2.2855709,0,0
2.4144328,0,0
2.5486248,0,0
2.654567,0,0
2.693099,0,0
2.7296824,0,0
2.7122254,0,0
2.6962004,0,0
2.6798663,0,0
2.6465142,0,0
2.5774288,0,0
2.5490153,0,0
2.50972,0,0
2.457056,0,0
2.3903582,0,0
2.361233,0,0
2.3395677,0,0
2.30256,0,0
2.265407,0,0
2.2295396,0,0
2.1873648,0,0
2.144535,0,0
2.1176455,0,0
2.7544277,0,0
2.8495543,0,0
2.8302283,0,0
2.8202493,0,0
2.8096318,0,0
2.1403174,0,0
2.0173686,0,0
2.0165377,0,0
2.0115166,0,0
2.0103323,0,0
2.0072477,0,0
2.0025842,0,0
1.9979427,0,0
1.9918001,0,0
1.9848437,0,0
1.979509,0,0
1.9757127,0,0
1.970928,0,0
1.9701834,0,0
2.0850303,0,0
2.210595,0,0
2.3375297,0,0
2.4686918,0,0
2.60457,0,0
2.644517,0,0
2.7323759,0,0
2.7091644,0,0
2.6912327,0,0
2.6753972,0,0
2.6482704,0,0
2.5307727,0,0
2.5000525,0,0
2.4572532,0,0
2.4023037,0,0
2.3331823,0,0
2.2942443,0,0
2.2737415,0,0
2.239752,0,0
2.2072077,0,0
2.1718209,0,0
2.1342566,0,0
2.0972304,0,0
2.0757387,0,0
2.1168323,0,0
2.7802484,0,0
2.831119,0,0
2.822652,0,0
2.8159351,0,0
2.7483253,0,0
2.064747,0,0
1.9990774,0,0
1.9966835,0,0
1.992963,0,0
1.9883913,0,0
1.9836587,0,0
1.9787157,0,0
1.9720331,0,0
1.9662015,0,0
1.9628202,0,0
1.9611278,0,0
1.9588575,0,0
1.9602202,0,0
2.0297368,0,0
2.1657445,0,0
2.3010945,0,0
2.4385765,0,0
2.5793731,0,0
2.661061,0,0
2.692524,0,0
2.7463841,0,0
2.71926,0,0
2.69403,0,0
2.6690004,0,0
2.6165693,0,0
2.5149686,0,0
2.489439,0,0
2.4521682,0,0
2.401534,0,0
2.3595982,0,0
2.3439128,0,0
2.3152618,0,0
2.280851,0,0
2.2454288,0,0
2.2064753,0,0
2.1581917,0,0
2.1232893,0,0
2.0952392,0,0
2.7243304,0,0
2.8220966,0,0
2.8054368,0,0
2.7977712,0,0
2.7883976,0,0
2.1250224,0,0
2.0019948,0,0
2.000583,0,0
1.9933568,0,0
1.9895841,0,0
1.9848399,0,0
1.97866,0,0
1.9709255,0,0
1.963512,0,0
1.956291,0,0
1.947764,0,0
1.9429842,0,0
1.9394542,0,0
1.9402891,0,0
2.6119347,0,0
2.857594,0,0
2.921761,0,0
2.997052,0,0
3.078472,0,0
2.5094087,0,0
2.3277411,0,0
2.3187277,0,0
2.3230762,0,0
2.3493593,0,0
2.342145,0,0
2.3734643,0,0
2.4145384,0,0
2.463743,0,0
2.4999714,0,0
2.520833,0,0
2.5064735,0,0
2.4934661,0,0
2.4573658,0,0
2.4349153,0,0
2.3960586,0,0
2.3886075,0,0
2.367766,0,0
2.327709,0,0
2.2470634,0,0
2.2104032,0,0
2.178534,0,0
2.1407332,0,0
2.1091387,0,0
2.0817606,0,0
2.057064,0,0
2.0369866,0,0
2.0277088,0,0
2.6157057,0,0
2.7877429,0,0
2.7736692,0,0
2.7612658,0,0
2.7483823,0,0
2.140454,0,0
1.9535654,0,0
1.9520925,0,0
1.9504231,0,0
1.954342,0,0
1.9642664,0,0
1.979629,0,0
1.9956406,0,0
2.0112011,0,0
2.0246365,0,0
2.0307777,0,0
2.030535,0,0
2.028915,0,0
2.0435984,0,0
2.1354332,0,0
2.2515008,0,0
2.3686342,0,0
2.4833417,0,0
2.585575,0,0
2.6325734,0,0
2.6914854,0,0
2.694359,0,0
2.6704614,0,0
2.6430347,0,0
2.5951543,0,0
2.47282,0,0
2.4040391,0,0
2.3549957,0,0
2.3005445,0,0
2.2410166,0,0
2.2149878,0,0
2.1956034,0,0
2.164154,0,0
2.1363893,0,0
2.109991,0,0
2.0848367,0,0
2.0582736,0,0
2.0499716,0,0
2.039484,0,0
2.7033858,0,0
2.8159652,0,0
2.8052385,0,0
2.7965207,0,0
2.7875044,0,0
2.1062677,0,0
1.9836714,0,0
1.9821262,0,0
1.9850209,0,0
1.998919,0,0
2.016582,0,0
2.0342455,0,0
2.061966,0,0
2.0833097,0,0
2.0985029,0,0
2.1080992,0,0
2.112483,0,0
2.1307776,0,0
2.198708,0,0
2.324337,0,0
2.4449792,0,0
2.565007,0,0
2.6666846,0,0
2.748227,0,0
2.7704303,0,0
2.8159018,0,0
2.7899306,0,0
2.7633333,0,0
2.69557,0,0
2.5931273,0,0
2.4578958,0,0
2.391329,0,0
2.3165789,0,0
2.255205,0,0
2.2228072,0,0
2.1965675,0,0
2.1704974,0,0
2.1467428,0,0
2.1224966,0,0
2.1064537,0,0
2.0936663,0,0
2.0851948,0,0
2.083818,0,0
2.6729841,0,0
2.8509111,0,0
2.8410342,0,0
2.837067,0,0
2.8260145,0,0
2.21955,0,0
2.033043,0,0
2.0442626,0,0
2.059377,0,0
2.078762,0,0
2.0951493,0,0
2.1054847,0,0
2.112214,0,1
2.1562595,0,1
2.2088144,0,1
2.2635283,0,1
2.3164816,0,1
2.366899,0,1
2.3765192,0,1
2.4542816,0,1
2.5118222,0,1
2.555602,0,1
2.5849485,0,1
2.5996225,0,0
2.531688,0,0
2.5842674,0,0
2.5609405,0,0
2.5526237,0,0
2.5590217,0,0
2.5774252,0,0
2.487198,0,0
2.4376502,0,0
2.382093,0,0
2.320709,0,0
2.2504342,0,0
2.1943908,0,0
2.193665,0,0
2.1922958,0,0
2.1892812,0,0
2.185126,0,0
2.1718256,0,0
2.1459846,0,0
2.123091,0,0
2.6440518,0,0
2.8678205,0,0
2.8544362,0,0
2.843253,0,0
2.8275602,0,0
2.2753541,0,0
2.0238726,0,0
2.0187442,0,0
2.0147967,0,0
2.0202482,0,0
2.025707,0,0
2.0278225,0,0
2.027492,0,0
2.0309808,0,0
2.0378013,0,0
2.0383627,0,0
2.043051,0,0
2.0571227,0,0
2.074785,0,0
2.3920932,0,0
2.946367,0,0
3.052512,0,0
3.1195018,0,0
3.1846778,0,0
2.966438,0,0
2.5138783,0,0
2.4844825,0,0
2.475065,0,0
2.5037303,0,0
2.5118008,0,0
2.5096881,0,0
2.5306377,0,0
2.5732288,0,0
2.6014934,0,0
2.6626213,0,0
2.649468,0,0
2.6325507,0,0
2.607701,0,0
2.5817368,0,0
2.5243037,0,0
2.5012796,0,0
2.4751823,0,0
2.4414124,0,0
2.3806565,0,0
2.3095388,0,0
2.2897155,0,0
2.2687106,0,0
2.2390938,0,0
2.207937,0,0
2.183004,0,0
2.1560843,0,0
2.1373181,0,0
2.3904018,0,0
2.882488,0,0
2.8927999,0,0
2.8815176,0,0
2.8725195,0,0
2.594136,0,0
2.0817308,0,0
2.0530193,0,0
2.050591,0,0
2.0419855,0,0
2.0459774,0,0
2.0528276,0,0
2.0636694,0,0
2.0773919,0,0
2.0998452,0,0
2.115959,0,0
2.1349595,0,0
2.1494083,0,0
2.1760974,0,0
2.273079,0,0
3.0291076,0,0
3.1475477,0,0
3.1982617,0,0
3.2420802,0,0
3.2249637,0,0
2.509892,0,0
2.4191313,0,0
2.3925765,0,0
2.3560486,0,0
2.3612545,0,0
2.3936374,0,0
2.4192562,0,0
2.436289,0,0
2.5148,0,0
2.538441,0,0
2.6018348,0,0
2.6021426,0,0
2.6211925,0,0
2.5927556,0,0
2.5941248,0,0
2.5389557,0,0
2.5369043,0,0
2.5186532,0,0
2.4839795,0,0
2.415219,0,0
2.3679671,0,0
2.3524022,0,0
2.3171618,0,0
2.280831,0,0
2.2452452,0,0
2.220262,0,0
2.1821964,0,0
2.1695075,0,1
2.7164981,0,1
2.9875295,0,1
3.0051267,0,1
3.0234892,0,1
3.04414,0,1
2.4992473,0,1
2.2335134,0,1
2.211599,0,1
2.1950371,0,1
2.1851149,0,0
2.185489,0,0
2.1823375,0,0
2.1850858,0,0
2.1972005,0,0
2.2071586,0,0
2.2220786,0,0
2.245756,0,0
2.2641985,0,0
2.2804863,0,0
2.6019926,0,0
3.1643672,0,0
3.2328722,0,0
3.263747,0,0
3.2818868,0,0
2.9888618,0,0
2.414167,0,0
2.3286135,0,0
2.2877853,0,0
2.2559762,0,0
2.2877984,0,0
2.33947,0,0
2.3809662,0,0
2.4161453,0,0
2.5102592,0,0
2.555287,0,0
2.6353393,0,0
2.657646,0,0
2.7017024,0,0
2.691486,0,0
2.6831563,0,0
2.6226401,0,0
2.6056042,0,0
2.565536,0,0
2.5129027,0,0
2.4407678,0,0
2.3972106,0,0
2.3852177,0,0
2.3469238,0,0
2.3040988,0,0
2.2733293,0,0
2.2387986,0,0
2.1972709,0,0
2.1827114,0,0
2.794752,0,0
2.9695985,0,0
2.954784,0,0
2.939467,0,0
2.9245903,0,0
2.2969258,0,0
2.0978074,0,0
2.097113,0,0
2.0930045,0,0
2.0929983,0,0
2.0865357,0,0
2.0865617,0,0
2.0894542,0,0
2.0976684,0,0
2.107513,0,0
2.119882,0,0
2.1315145,0,0
2.1436028,0,0
2.2044542,0,0
2.8100297,0,0
3.1398602,0,0
3.213559,0,0
3.277277,0,0
3.3124847,0,0
2.7703614,0,0
2.4852195,0,0
2.4484313,0,0
2.4103558,0,0
2.3764615,0,0
2.403439,0,0
2.4365656,0,0
2.4543118,0,0
2.5022259,0,0
2.5648665,0,0
2.6138492,0,0
2.641601,0,0
2.652661,0,0
2.647155,0,0
2.625129,0,0
2.6115832,0,0
2.5771718,0,0
2.5722759,0,0
2.556781,0,0
2.5082407,0,0
2.433238,0,0
2.4143548,0,0
2.393039,0,0
2.3577027,0,0
2.3209822,0,0
2.2739933,0,1
2.2340314,0,1
2.1922052,0,1
2.162348,0,1
2.8084776,0,1
2.987328,0,1
3.0320234,0,1
3.0982263,0,1
3.1802678,0,1
2.6046982,0,1
2.4701705,0,1
2.4589155,0,1
2.4418328,0,1
2.4080167,0,1
2.3582957,0,0
2.3451152,0,0
2.3327706,0,0
2.3217056,0,0
2.31391,0,0
2.3148012,0,0
2.3157077,0,0
2.3095105,0,0
2.3071694,0,0
2.9126112,0,0
3.0914545,0,0
3.0734854,0,0
3.0634863,0,0
3.0458946,0,0
2.4212334,0,0
2.2304733,0,0
2.246699,0,0
2.2597013,0,0
2.3015351,0,0
2.3847601,0,0
2.4560409,0,0
2.543643,0,0
2.680313,0,0
2.7933738,0,0
2.87015,0,0
2.9431844,0,0
2.934665,0,0
2.875172,0,0
2.8240633,0,0
2.771856,0,0
2.6807156,0,0
2.6350644,0,0
2.5884647,0,0
2.5192294,0,0
2.4309435,0,0
2.3844848,0,0
2.3478167,0,0
2.2962868,0,0
2.2517006,0,0
2.2206748,0,0
2.1913006,0,0
2.1623378,0,0
2.1478212,0,0
2.661152,0,0
2.9092197,0,0
2.8985791,0,0
2.8884823,0,0
2.876657,0,0
2.3401222,0,0
2.0707457,0,0
2.0597713,0,0
2.050845,0,0
2.0471668,0,0
2.0408027,0,0
2.039646,0,0
2.041072,0,0
2.0506804,0,0
2.0605154,0,0
2.0723212,0,0
2.081788,0,0
2.090612,0,0
2.1235113,0,0
2.4351301,0,0
3.0209253,0,0
3.1231835,0,0
3.1850128,0,0
3.2257755,0,0
2.987098,0,0
2.4430697,0,0
2.37582,0,0
2.3420608,0,0
2.3334131,0,0
2.3357131,0,0
2.3675823,0,0
2.387355,0,0
2.4359198,0,0
2.483797,0,0
2.5457299,0,0
2.553229,0,0
2.558138,0,0
2.5501804,0,0
2.5273128,0,0
2.4937925,0,0
2.4665594,0,0
2.4586537,0,0
2.4359293,0,0
2.3858962,0,0
2.3143983,0,0
2.2934604,0,0
2.266004,0,0
2.226508,0,0
2.1897893,0,0
2.153059,0,0
2.119373,0,0
2.095082,0,0
2.3270292,0,0
2.8319566,0,0
2.8585222,0,0
2.849027,0,0
2.8372817,0,0
2.5776079,0,0
2.0502534,0,0
2.0058126,0,0
1.9998525,0,0
1.993898,0,0
1.9902219,0,0
1.9847882,0,0
1.9849261,0,0
1.9870946,0,0
1.9885491,0,0
2.0045457,0,0
2.021487,0,0
2.0331674,0,0
2.058465,0,0
2.148627,0,0
2.9074972,0,0
3.050961,0,0
3.1208885,0,0
3.1782234,0,0
3.183529,0,0
2.4765978,0,0
2.3782194,0,0
2.3487616,0,0
2.3171518,0,0
2.3211737,0,0
2.369409,0,0
2.401789,0,0
2.4260929,0,0
2.4825401,0,0
2.5126042,0,0
2.5716865,0,0
2.558654,0,0
2.562866,0,0
2.545146,0,0
2.5272315,0,0
2.4819286,0,0
2.4818406,0,0
2.4742918,0,0
2.4488108,0,0
2.3973517,0,0
2.331579,0,0
2.3128328,0,0
2.2892869,0,0
2.2522428,0,0
2.2103941,0,0
2.1702638,0,0
2.1273465,0,0
2.094973,0,0
2.5835645,0,0
2.8328729,0,0
2.830093,0,0
2.822055,0,0
2.808722,0,0
2.2890646,0,0
2.0209541,0,0
2.0054035,0,0
1.9965774,0,0
1.9929147,0,0
1.9885826,0,0
1.9908708,0,0
1.9899786,0,0
1.9888798,0,0
1.9893702,0,0
1.9931284,0,0
1.987979,0,0
1.997685,0,0
2.0089304,0,0
2.2851079,0,0
2.874874,0,1
3.008921,0,1
3.105872,0,1
3.2003787,0,1
3.035524,0,1
2.566212,0,1
2.553703,0,1
2.5531237,0,1
2.5462372,0,1
2.5549922,0,1
2.5688288,0,1
2.569079,0,0
2.5750597,0,0
2.5789118,0,0
2.5611706,0,0
2.583073,0,0
2.5743413,0,0
2.536621,0,0
2.5122714,0,0
2.4901993,0,0
2.4242067,0,0
2.362699,0,0
2.3357873,0,0
2.3055944,0,0
2.2705405,0,0
2.2227285,0,0
2.2200096,0,0
2.2161198,0,0
2.2110476,0,0
2.204951,0,0
2.1990552,0,0
2.1943953,0,0
2.1936324,0,0
2.2170365,0,0
2.9026575,0,0
2.968495,0,0
2.9555519,0,0
2.9390066,0,0
2.8946905,0,0
2.1798236,0,0
2.0752015,0,0
2.0496018,0,0
2.023788,0,0
2.003459,0,0
1.996837,0,0
1.9957141,0,0
2.000002,0,0
2.0140924,0,0
2.0287642,0,0
2.0436044,0,0
2.0622683,0,0
2.077136,0,0
2.1334758,0,0
2.8362901,0,0
3.0364735,0,0
3.0961711,0,0
3.1584377,0,0
3.1815183,0,0
2.5291362,0,0
2.3707361,0,0
2.3432026,0,0
2.3083575,0,0
2.3010771,0,0
2.3333797,0,0
2.3598218,0,0
2.3757696,0,0
2.4338074,0,0
2.477289,0,0
2.5409446,0,0
2.5566292,0,0
2.5701284,0,0
2.5599902,0,0
2.5511467,0,0
2.5116665,0,0
2.4953332,0,0
2.4891715,0,0
2.4652991,0,0
2.4071121,0,0
2.3380678,0,0
2.313559,0,0
2.2879457,0,0
2.2524679,0,0
2.2133288,0,0
2.1754546,0,0
2.1343324,0,0
2.0996358,0,0
2.2906241,0,0
2.792394,0,0
2.8176925,0,0
2.8096242,0,0
2.7983174,0,0
2.5729477,0,0
2.0501533,0,0
2.0095928,0,0
2.0049243,0,0
2.0041323,0,0
2.0016556,0,0
1.9972162,0,0
1.9927355,0,0
1.9890441,0,0
1.9849981,0,0
1.9831464,0,0
1.9817982,0,0
1.9850863,0,0
1.9919529,0,0
2.0524356,0,0
2.824561,0,0
2.9767027,0,0
3.0504687,0,0
3.1208065,0,0
3.1601644,0,0
2.477267,0,0
2.395695,0,0
2.385687,0,0
2.3708854,0,0
2.3703096,0,0
2.3959563,0,0
2.4322286,0,0
2.4503374,0,0
2.4973683,0,0
2.5369902,0,0
2.5932357,0,0
2.5870543,0,0
2.5831158,0,0
2.5585537,0,0
2.5224528,0,0
2.4649267,0,0
2.4348528,0,0
2.4149811,0,0
2.384575,0,0
2.3318417,0,0
2.2635367,0,0
2.240261,0,0
2.2203667,0,0
2.1924267,0,0
2.1689394,0,0
2.1458619,0,0
2.1223862,0,0
2.1017807,0,0
2.0938945,0,0
2.725735,0,0
2.8532882,0,0
2.8405507,0,0
2.833004,0,0
2.8257606,0,0
2.1729162,0,0
2.030467,0,0
2.027774,0,0
2.0208807,0,0
2.0155973,0,0
2.0233667,0,0
2.0365665,0,0
2.0525222,0,0
2.0725791,0,0
2.0956614,0,0
2.1084352,0,0
2.1180553,0,0
2.1218476,0,0
2.1505094,0,0
2.776133,0,0
3.0294726,0,0
3.0856714,0,0
3.146259,0,0
3.188353,0,0
2.6297123,0,0
2.42098,0,0
2.400605,0,0
2.3693395,0,0
2.3868136,0,0
2.3924055,0,0
2.418463,0,0
2.426667,0,0
2.4962914,0,0
2.5225465,0,0
2.588951,0,0
2.5727875,0,0
2.5865266,0,0
2.5573218,0,0
2.5425866,0,0
2.4837065,0,0
2.473028,0,0
2.4486282,0,0
2.4077375,0,0
2.3367233,0,0
2.279679,0,0
2.269835,0,0
2.2593381,0,0
2.2504041,0,0
2.238064,0,0
2.221554,0,0
2.1997511,0,0
2.1841977,0,0
2.7415862,0,0
2.9154592,0,0
2.8879194,0,0
2.864906,0,0
2.8375723,0,0
2.2408278,0,0
2.0390763,0,0
2.0375128,0,0
2.0341876,0,0
2.0328493,0,0
2.0331323,0,0
2.0311425,0,0
2.0308115,0,0
2.0288897,0,0
2.0268233,0,0
2.021276,0,0
2.016671,0,0
2.0148282,0,0
2.0139618,0,0
2.5701416,0,0
2.912471,0,0
2.995824,0,0
3.0735557,0,0
3.159996,0,0
2.7142403,0,0
2.4466512,0,0
2.4346445,0,0
2.4224584,0,0
2.397283,0,0
2.3861055,0,0
2.434593,0,0
2.4757516,0,0
2.4963653,0,0
2.5501628,0,0
2.5879343,0,0
2.6306698,0,0
2.6340582,0,0
2.6274116,0,0
2.5952413,0,0
2.556574,0,0
2.5138133,0,0
2.4683096,0,0
2.4484067,0,0
2.4123738,0,0
2.3539813,0,0
2.2756867,0,0
2.247569,0,0
2.22016,0,0
2.1917825,0,0
2.1692588,0,0
2.1450887,0,0
2.1222975,0,0
2.1020699,0,0
2.2785015,0,0
2.819714,0,0
2.8497334,0,0
2.8387575,0,0
2.8259795,0,0
2.6272187,0,0
2.0696125,0,0
2.028701,0,0
2.0345812,0,0
2.0532103,0,0
2.073404,0,0
2.090229,0,0
2.1065712,0,0
2.1219025,0,0
2.1271653,0,0
2.129644,0,0
2.1305342,0,0
2.1268997,0,0
2.116856,0,0
2.1663246,0,0
2.9179564,0,0
3.0499988,0,0
3.1037154,0,0
3.1685653,0,0
3.1923926,0,0
2.483218,0,0
2.3898375,0,0
2.3707454,0,0
2.3393333,0,0
2.331613,0,0
2.3677635,0,0
2.4048307,0,0
2.4240487,0,0
2.4816303,0,0
2.5268111,0,0
2.5835216,0,0
2.592565,0,0
2.6034458,0,0
2.5869765,0,0
2.5668826,0,0
2.5315614,0,0
2.4971154,0,0
2.4739587,0,0
2.4369438,0,0
2.368175,0,0
2.284396,0,0
2.2568543,0,0
2.2318814,0,0
2.200756,0,0
2.1784601,0,0
2.159788,0,0
2.1494858,0,0
2.145727,0,0
2.1595185,0,0
2.8225884,0,0
2.9635415,0,0
2.9589996,0,0
2.942954,0,0
2.9172983,0,0
2.2382088,0,0
2.0803714,0,0
2.0610597,0,0
2.0535948,0,0
2.0501297,0,0
2.0468476,0,0
2.0479503,0,0
2.0481274,0,0
2.049447,0,0
2.0590158,0,0
2.071611,0,0
2.0821455,0,0
2.0944002,0,0
2.1349018,0,0
2.7940438,0,0
3.0574307,0,0
3.1214988,0,0
3.1892705,0,0
3.2350864,0,0
2.655289,0,0
2.4414814,0,0
2.4178863,0,0
2.3859677,0,0
2.3697407,0,0
2.3835876,0,0
2.416899,0,0
2.434976,0,0
2.4716172,0,0
2.5323687,0,0
2.567554,0,0
2.6044624,0,0
2.6115308,0,0
2.61355,0,0
2.5822172,0,0
2.579845,0,0
2.5334008,0,0
2.5289078,0,0
2.5090227,0,0
2.4697392,0,0
2.3885026,0,0
2.3595586,0,0
2.3417788,0,0
2.3042133,0,0
2.2669334,0,0
2.2310002,0,0
2.1974514,0,0
2.161333,0,0
2.1606245,0,0
2.8568802,0,0
2.9371073,0,0
2.9280918,0,0
2.9232473,0,0
2.9047601,0,0
2.18981,0,0
2.0958858,0,0
2.0925786,0,0
2.0888252,0,0
2.0901577,0,0
2.0909843,0,0
2.0912602,0,0
2.0919533,0,0
2.0943196,0,0
2.1082935,0,0
2.1222582,0,0
2.1395133,0,0
2.1556172,0,0
2.2063332,0,0
2.923606,0,0
3.1420755,0,0
3.2083678,0,0
3.2796848,0,0
3.326338,0,0
2.6827114,0,0
2.5186207,0,0
2.500539,0,0
2.473096,0,0
2.4596043,0,0
2.4793534,0,0
2.5137722,0,0
2.5276067,0,0
2.5731745,0,0
2.629176,0,0
2.6815436,0,0
2.7096217,0,0
2.7221212,0,0
2.724363,0,0
2.703258,0,0
2.684236,0,0
2.6531208,0,0
2.6530883,0,0
2.6382794,0,0
2.6001494,0,0
2.5349689,0,0
2.515848,0,0
2.4987278,0,0
2.463807,0,0
2.4298084,0,0
2.3902493,0,0
2.349525,0,0
2.3101761,0,0
2.2826986,0,0
2.8613014,0,0
3.06212,0,0
3.0497913,0,0
3.0466886,0,0
3.0391397,0,0
2.43356,0,0
2.2162452,0,0
2.218126,0,0
2.2123632,0,0
2.2121887,0,0
2.2107205,0,0
2.2068126,0,0
2.1995692,0,0
2.1936715,0,0
2.1940606,0,0
2.1898148,0,0
2.1938713,0,0
2.199841,0,0
2.2706602,0,0
2.3847466,0,0
2.5338638,0,0
2.673945,0,0
2.8135738,0,0
2.9056225,0,0
2.9672174,0,0
3.0191882,0,0
3.0239065,0,0
3.003957,0,0
2.969217,0,0
2.9038594,0,0
2.7990835,0,0
2.7426343,0,0
2.703713,0,0
2.6574802,0,0
2.616324,0,0
2.5934222,0,0
2.5532992,0,0
2.514977,0,0
2.4764957,0,0
2.4404242,0,0
2.3958337,0,0
2.3669326,0,0
2.33764,0,0
2.312562,0,0
2.9385264,0,0
3.0751324,0,0
3.05807,0,0
3.0524607,0,0
3.0408444,0,0
2.3814292,0,0
2.2269316,0,0
2.228585,0,0
2.2242048,0,0
2.2209547,0,0
2.2198055,0,0
2.2130284,0,0
2.2040536,0,0
2.1972513,0,0
2.1951678,0,0
2.1939871,0,0
2.208774,0,0
2.2791057,0,0
2.3525686,0,0
3.0287342,0,0
3.4236128,0,1
4.5356684,0,1
5.5967155,1,1
6.628952,1,1
7.1136594,1,1
7.443117,1,1
6.4711547,1,1
5.4500766,0,1
4.4622025,0,1
3.4880426,0,1
3.0007536,0,1
3.067683,0,1
3.0816429,0,1
3.0659251,0,1
2.9892738,0,1
2.8768742,0,1
2.7778065,0,1
3.02267,0,1
3.2896054,0,1
3.5500908,0,1
3.7491307,0,1
4.7266154,0,1
7.224601,1,1
9.578174,1,1
10.751633,1,1
10.328496,1,1
9.232225,1,1
6.4212103,1,1
3.7570217,0,1
2.8564494,0,0
3.2032666,0,0
3.2208366,0,0
3.1953118,0,0
3.1629121,0,0
2.548158,0,0
2.3244991,0,0
2.3177967,0,0
2.3074446,0,0
2.3016317,0,0
2.300085,0,0
2.2925222,0,0
2.2886589,0,0
2.2844942,0,0
2.274524,0,0
2.2861414,0,0
2.3997986,0,0
2.5180202,0,0
2.6387744,0,0
2.7670798,0,0
2.8793926,0,0
2.9202704,0,0
2.9590635,0,0
2.9400554,0,0
2.9161022,0,0
2.8960567,0,0
2.8574007,0,0
2.7624867,0,0
2.7072804,0,0
2.6530569,0,0
2.582517,0,0
2.5026412,0,0
2.484145,0,0
2.4832523,0,0
2.4632232,0,0
2.4468486,0,0
2.4283903,0,0
2.407726,0,0
2.3844342,0,0
2.3832893,0,0
3.0480256,0,0
3.11502,0,1
3.0952888,0,1
3.087922,0,1
3.0862453,0,1
2.4306867,0,1
2.3974276,0,1
2.461636,0,1
2.5346966,0,1
2.61984,0,1
2.7103431,0,1
2.8047411,0,1
2.9117138,0,1
3.0208263,0,1
3.1060672,0,1
3.1718075,0,1
3.2207391,0,1
3.2348344,0,1
3.081912,0,1
3.5800276,0,1
3.5940046,0,1
3.4577098,0,1
3.3486454,0,0
3.401018,0,0
2.7863202,0,0
2.6387577,0,0
2.635382,0,0
2.643656,0,0
2.6612742,0,0
2.6896882,0,0
2.7283401,0,0
2.7700298,0,0
2.8135703,0,0
2.8585172,0,0
2.8792734,0,0
2.8627603,0,0
2.8400915,0,0
2.799094,0,0
2.7584713,0,0
2.6987576,0,0
2.674464,0,0
2.641863,0,0
2.5909128,0,0
2.508681,0,0
2.4751368,0,0
2.44958,0,0
2.4191325,0,0
2.3949962,0,0
2.371019,0,0
2.347894,0,0
2.3309383,0,0
2.3287194,0,0
2.9655023,0,0
3.118879,0,0
3.1165483,0,0
3.1040246,0,0
3.0887225,0,0
2.433216,0,0
2.2658126,0,0
2.2590706,0,0
2.2557912,0,0
2.2564275,0,0
2.2635171,0,0
2.2737565,0,0
2.28273,0,0
